samplename	family	nreads
ClaidentTutorial__Sample01__MiFish	001_Gobiidae	738
ClaidentTutorial__Sample01__MiFish	002_Clupeidae	744
ClaidentTutorial__Sample01__MiFish	003_Cichlidae	746
ClaidentTutorial__Sample01__MiFish	004_Cyprinidae	247
ClaidentTutorial__Sample01__MiFish	005_Cobitidae	246
ClaidentTutorial__Sample01__MiFish	007_Gastromyzontidae	247
ClaidentTutorial__Sample01__MiFish	008_Labridae	244
ClaidentTutorial__Sample01__MiFish	009_Danionidae	245
ClaidentTutorial__Sample01__MiFish	010_Nemacheilidae	487
ClaidentTutorial__Sample01__MiFish	011_Serranidae	741
ClaidentTutorial__Sample01__MiFish	017_unidentified_Osteoglossiformes	247
ClaidentTutorial__Sample01__MiFish	018_Bothidae	246
ClaidentTutorial__Sample01__MiFish	020_Cynoglossidae	490
ClaidentTutorial__Sample01__MiFish	022_Channidae	249
ClaidentTutorial__Sample01__MiFish	024_Hemiramphidae	248
ClaidentTutorial__Sample01__MiFish	027_Nemipteridae	247
ClaidentTutorial__Sample01__MiFish	030_Tetraodontidae	246
ClaidentTutorial__Sample01__MiFish	035_Doradidae	249
ClaidentTutorial__Sample01__MiFish	037_Nettastomatidae	247
ClaidentTutorial__Sample01__MiFish	040_Cepolidae	248
ClaidentTutorial__Sample01__MiFish	042_Characidae	246
ClaidentTutorial__Sample01__MiFish	044_Nothobranchiidae	247
ClaidentTutorial__Sample01__MiFish	047_Ophidiidae	246
ClaidentTutorial__Sample01__MiFish	054_Citharidae	245
ClaidentTutorial__Sample01__MiFish	056_Polymixiidae	248
ClaidentTutorial__Sample01__MiFish	062_Anostomidae	248
ClaidentTutorial__Sample01__MiFish	063_Sciaenidae	245
ClaidentTutorial__Sample01__MiFish	066_Cottidae	497
ClaidentTutorial__Sample01__MiFish	073_Aulopidae	244
ClaidentTutorial__Sample01__MiFish	075_Acropomatidae	247
ClaidentTutorial__Sample01__MiFish	077_Malacanthidae	247
ClaidentTutorial__Sample01__MiFish	079_Paralichthyidae	243
ClaidentTutorial__Sample01__MiFish	091_Botiidae	249
ClaidentTutorial__Sample01__MiFish	096_Callionymidae	247
ClaidentTutorial__Sample01__MiFish	104_Gigantactinidae	250
ClaidentTutorial__Sample01__MiFish	107_Lethrinidae	246
ClaidentTutorial__Sample01__MiFish	109_Citharinidae	246
ClaidentTutorial__Sample01__MiFish	112_Heterenchelyidae	243
ClaidentTutorial__Sample01__MiFish	121_Diceratiidae	247
ClaidentTutorial__Sample02__MiFish	001_Gobiidae	741
ClaidentTutorial__Sample02__MiFish	002_Clupeidae	248
ClaidentTutorial__Sample02__MiFish	003_Cichlidae	743
ClaidentTutorial__Sample02__MiFish	004_Cyprinidae	246
ClaidentTutorial__Sample02__MiFish	005_Cobitidae	247
ClaidentTutorial__Sample02__MiFish	006_Congridae	249
ClaidentTutorial__Sample02__MiFish	007_Gastromyzontidae	242
ClaidentTutorial__Sample02__MiFish	008_Labridae	248
ClaidentTutorial__Sample02__MiFish	010_Nemacheilidae	492
ClaidentTutorial__Sample02__MiFish	011_Serranidae	741
ClaidentTutorial__Sample02__MiFish	017_unidentified_Osteoglossiformes	250
ClaidentTutorial__Sample02__MiFish	020_Cynoglossidae	244
ClaidentTutorial__Sample02__MiFish	021_Sparidae	247
ClaidentTutorial__Sample02__MiFish	022_Channidae	493
ClaidentTutorial__Sample02__MiFish	024_Hemiramphidae	245
ClaidentTutorial__Sample02__MiFish	027_Nemipteridae	244
ClaidentTutorial__Sample02__MiFish	030_Tetraodontidae	248
ClaidentTutorial__Sample02__MiFish	032_Centrarchidae	244
ClaidentTutorial__Sample02__MiFish	035_Doradidae	251
ClaidentTutorial__Sample02__MiFish	037_Nettastomatidae	245
ClaidentTutorial__Sample02__MiFish	040_Cepolidae	244
ClaidentTutorial__Sample02__MiFish	044_Nothobranchiidae	245
ClaidentTutorial__Sample02__MiFish	045_Stromateidae	246
ClaidentTutorial__Sample02__MiFish	047_Ophidiidae	247
ClaidentTutorial__Sample02__MiFish	054_Citharidae	238
ClaidentTutorial__Sample02__MiFish	055_Pantodontidae	247
ClaidentTutorial__Sample02__MiFish	056_Polymixiidae	247
ClaidentTutorial__Sample02__MiFish	062_Anostomidae	247
ClaidentTutorial__Sample02__MiFish	063_Sciaenidae	249
ClaidentTutorial__Sample02__MiFish	066_Cottidae	246
ClaidentTutorial__Sample02__MiFish	073_Aulopidae	246
ClaidentTutorial__Sample02__MiFish	075_Acropomatidae	250
ClaidentTutorial__Sample02__MiFish	077_Malacanthidae	245
ClaidentTutorial__Sample02__MiFish	079_Paralichthyidae	246
ClaidentTutorial__Sample02__MiFish	084_Cetomimidae	245
ClaidentTutorial__Sample02__MiFish	091_Botiidae	248
ClaidentTutorial__Sample02__MiFish	096_Callionymidae	245
ClaidentTutorial__Sample02__MiFish	104_Gigantactinidae	244
ClaidentTutorial__Sample02__MiFish	107_Lethrinidae	246
ClaidentTutorial__Sample02__MiFish	109_Citharinidae	245
ClaidentTutorial__Sample02__MiFish	112_Heterenchelyidae	247
ClaidentTutorial__Sample02__MiFish	133_Ateleopodidae	242
ClaidentTutorial__Sample03__MiFish	001_Gobiidae	499
ClaidentTutorial__Sample03__MiFish	002_Clupeidae	247
ClaidentTutorial__Sample03__MiFish	003_Cichlidae	742
ClaidentTutorial__Sample03__MiFish	004_Cyprinidae	248
ClaidentTutorial__Sample03__MiFish	005_Cobitidae	496
ClaidentTutorial__Sample03__MiFish	006_Congridae	492
ClaidentTutorial__Sample03__MiFish	007_Gastromyzontidae	247
ClaidentTutorial__Sample03__MiFish	008_Labridae	245
ClaidentTutorial__Sample03__MiFish	009_Danionidae	245
ClaidentTutorial__Sample03__MiFish	010_Nemacheilidae	495
ClaidentTutorial__Sample03__MiFish	011_Serranidae	736
ClaidentTutorial__Sample03__MiFish	017_unidentified_Osteoglossiformes	249
ClaidentTutorial__Sample03__MiFish	020_Cynoglossidae	247
ClaidentTutorial__Sample03__MiFish	021_Sparidae	241
ClaidentTutorial__Sample03__MiFish	022_Channidae	246
ClaidentTutorial__Sample03__MiFish	024_Hemiramphidae	245
ClaidentTutorial__Sample03__MiFish	030_Tetraodontidae	246
ClaidentTutorial__Sample03__MiFish	031_Sphyraenidae	246
ClaidentTutorial__Sample03__MiFish	035_Doradidae	250
ClaidentTutorial__Sample03__MiFish	037_Nettastomatidae	247
ClaidentTutorial__Sample03__MiFish	038_Monacanthidae	248
ClaidentTutorial__Sample03__MiFish	040_Cepolidae	246
ClaidentTutorial__Sample03__MiFish	044_Nothobranchiidae	247
ClaidentTutorial__Sample03__MiFish	045_Stromateidae	251
ClaidentTutorial__Sample03__MiFish	047_Ophidiidae	247
ClaidentTutorial__Sample03__MiFish	054_Citharidae	249
ClaidentTutorial__Sample03__MiFish	055_Pantodontidae	247
ClaidentTutorial__Sample03__MiFish	056_Polymixiidae	247
ClaidentTutorial__Sample03__MiFish	062_Anostomidae	247
ClaidentTutorial__Sample03__MiFish	063_Sciaenidae	244
ClaidentTutorial__Sample03__MiFish	064_Gobiesocidae	244
ClaidentTutorial__Sample03__MiFish	066_Cottidae	247
ClaidentTutorial__Sample03__MiFish	073_Aulopidae	244
ClaidentTutorial__Sample03__MiFish	075_Acropomatidae	251
ClaidentTutorial__Sample03__MiFish	077_Malacanthidae	248
ClaidentTutorial__Sample03__MiFish	079_Paralichthyidae	247
ClaidentTutorial__Sample03__MiFish	084_Cetomimidae	247
ClaidentTutorial__Sample03__MiFish	089_Eleginopidae	245
ClaidentTutorial__Sample03__MiFish	091_Botiidae	244
ClaidentTutorial__Sample03__MiFish	092_Rhamphichthyidae	243
ClaidentTutorial__Sample03__MiFish	096_Callionymidae	245
ClaidentTutorial__Sample03__MiFish	119_Leuciscidae	247
ClaidentTutorial__Sample04__MiFish	001_Gobiidae	984
ClaidentTutorial__Sample04__MiFish	002_Clupeidae	247
ClaidentTutorial__Sample04__MiFish	003_Cichlidae	740
ClaidentTutorial__Sample04__MiFish	004_Cyprinidae	249
ClaidentTutorial__Sample04__MiFish	005_Cobitidae	493
ClaidentTutorial__Sample04__MiFish	006_Congridae	491
ClaidentTutorial__Sample04__MiFish	007_Gastromyzontidae	245
ClaidentTutorial__Sample04__MiFish	008_Labridae	250
ClaidentTutorial__Sample04__MiFish	009_Danionidae	245
ClaidentTutorial__Sample04__MiFish	010_Nemacheilidae	246
ClaidentTutorial__Sample04__MiFish	011_Serranidae	736
ClaidentTutorial__Sample04__MiFish	012_Bramidae	247
ClaidentTutorial__Sample04__MiFish	013_Apogonidae	252
ClaidentTutorial__Sample04__MiFish	017_unidentified_Osteoglossiformes	249
ClaidentTutorial__Sample04__MiFish	021_Sparidae	248
ClaidentTutorial__Sample04__MiFish	024_Hemiramphidae	248
ClaidentTutorial__Sample04__MiFish	026_Chaetodontidae	250
ClaidentTutorial__Sample04__MiFish	031_Sphyraenidae	248
ClaidentTutorial__Sample04__MiFish	035_Doradidae	249
ClaidentTutorial__Sample04__MiFish	037_Nettastomatidae	246
ClaidentTutorial__Sample04__MiFish	038_Monacanthidae	740
ClaidentTutorial__Sample04__MiFish	040_Cepolidae	250
ClaidentTutorial__Sample04__MiFish	044_Nothobranchiidae	246
ClaidentTutorial__Sample04__MiFish	045_Stromateidae	249
ClaidentTutorial__Sample04__MiFish	047_Ophidiidae	244
ClaidentTutorial__Sample04__MiFish	054_Citharidae	249
ClaidentTutorial__Sample04__MiFish	055_Pantodontidae	245
ClaidentTutorial__Sample04__MiFish	056_Polymixiidae	251
ClaidentTutorial__Sample04__MiFish	062_Anostomidae	243
ClaidentTutorial__Sample04__MiFish	064_Gobiesocidae	247
ClaidentTutorial__Sample04__MiFish	066_Cottidae	244
ClaidentTutorial__Sample04__MiFish	067_Synbranchidae	247
ClaidentTutorial__Sample04__MiFish	073_Aulopidae	247
ClaidentTutorial__Sample04__MiFish	074_Arripidae	246
ClaidentTutorial__Sample04__MiFish	075_Acropomatidae	244
ClaidentTutorial__Sample04__MiFish	077_Malacanthidae	249
ClaidentTutorial__Sample04__MiFish	084_Cetomimidae	244
ClaidentTutorial__Sample04__MiFish	089_Eleginopidae	248
ClaidentTutorial__Sample04__MiFish	105_Hiodontidae	246
ClaidentTutorial__Sample05__MiFish	001_Gobiidae	990
ClaidentTutorial__Sample05__MiFish	002_Clupeidae	246
ClaidentTutorial__Sample05__MiFish	003_Cichlidae	984
ClaidentTutorial__Sample05__MiFish	004_Cyprinidae	249
ClaidentTutorial__Sample05__MiFish	005_Cobitidae	493
ClaidentTutorial__Sample05__MiFish	006_Congridae	254
ClaidentTutorial__Sample05__MiFish	007_Gastromyzontidae	247
ClaidentTutorial__Sample05__MiFish	008_Labridae	247
ClaidentTutorial__Sample05__MiFish	010_Nemacheilidae	247
ClaidentTutorial__Sample05__MiFish	011_Serranidae	743
ClaidentTutorial__Sample05__MiFish	012_Bramidae	249
ClaidentTutorial__Sample05__MiFish	013_Apogonidae	250
ClaidentTutorial__Sample05__MiFish	014_Soleidae	248
ClaidentTutorial__Sample05__MiFish	017_unidentified_Osteoglossiformes	242
ClaidentTutorial__Sample05__MiFish	019_Percophidae	248
ClaidentTutorial__Sample05__MiFish	021_Sparidae	248
ClaidentTutorial__Sample05__MiFish	023_Bythitidae	247
ClaidentTutorial__Sample05__MiFish	024_Hemiramphidae	249
ClaidentTutorial__Sample05__MiFish	026_Chaetodontidae	249
ClaidentTutorial__Sample05__MiFish	031_Sphyraenidae	248
ClaidentTutorial__Sample05__MiFish	035_Doradidae	246
ClaidentTutorial__Sample05__MiFish	037_Nettastomatidae	249
ClaidentTutorial__Sample05__MiFish	038_Monacanthidae	247
ClaidentTutorial__Sample05__MiFish	040_Cepolidae	245
ClaidentTutorial__Sample05__MiFish	045_Stromateidae	241
ClaidentTutorial__Sample05__MiFish	046_Myctophidae	249
ClaidentTutorial__Sample05__MiFish	047_Ophidiidae	249
ClaidentTutorial__Sample05__MiFish	049_Acestrorhynchidae	245
ClaidentTutorial__Sample05__MiFish	054_Citharidae	246
ClaidentTutorial__Sample05__MiFish	055_Pantodontidae	240
ClaidentTutorial__Sample05__MiFish	056_Polymixiidae	248
ClaidentTutorial__Sample05__MiFish	061_Monocentridae	242
ClaidentTutorial__Sample05__MiFish	062_Anostomidae	247
ClaidentTutorial__Sample05__MiFish	064_Gobiesocidae	245
ClaidentTutorial__Sample05__MiFish	065_Terapontidae	246
ClaidentTutorial__Sample05__MiFish	067_Synbranchidae	248
ClaidentTutorial__Sample05__MiFish	073_Aulopidae	247
ClaidentTutorial__Sample05__MiFish	074_Arripidae	240
ClaidentTutorial__Sample05__MiFish	084_Cetomimidae	248
ClaidentTutorial__Sample05__MiFish	089_Eleginopidae	248
ClaidentTutorial__Sample05__MiFish	132_Triacanthodidae	243
ClaidentTutorial__Sample06__MiFish	001_Gobiidae	988
ClaidentTutorial__Sample06__MiFish	002_Clupeidae	247
ClaidentTutorial__Sample06__MiFish	003_Cichlidae	991
ClaidentTutorial__Sample06__MiFish	004_Cyprinidae	245
ClaidentTutorial__Sample06__MiFish	005_Cobitidae	494
ClaidentTutorial__Sample06__MiFish	006_Congridae	252
ClaidentTutorial__Sample06__MiFish	007_Gastromyzontidae	248
ClaidentTutorial__Sample06__MiFish	008_Labridae	249
ClaidentTutorial__Sample06__MiFish	010_Nemacheilidae	493
ClaidentTutorial__Sample06__MiFish	011_Serranidae	247
ClaidentTutorial__Sample06__MiFish	013_Apogonidae	248
ClaidentTutorial__Sample06__MiFish	014_Soleidae	494
ClaidentTutorial__Sample06__MiFish	017_unidentified_Osteoglossiformes	247
ClaidentTutorial__Sample06__MiFish	019_Percophidae	243
ClaidentTutorial__Sample06__MiFish	021_Sparidae	252
ClaidentTutorial__Sample06__MiFish	023_Bythitidae	249
ClaidentTutorial__Sample06__MiFish	024_Hemiramphidae	249
ClaidentTutorial__Sample06__MiFish	025_Megalopidae	246
ClaidentTutorial__Sample06__MiFish	026_Chaetodontidae	247
ClaidentTutorial__Sample06__MiFish	031_Sphyraenidae	247
ClaidentTutorial__Sample06__MiFish	035_Doradidae	248
ClaidentTutorial__Sample06__MiFish	037_Nettastomatidae	250
ClaidentTutorial__Sample06__MiFish	038_Monacanthidae	246
ClaidentTutorial__Sample06__MiFish	040_Cepolidae	242
ClaidentTutorial__Sample06__MiFish	045_Stromateidae	247
ClaidentTutorial__Sample06__MiFish	046_Myctophidae	491
ClaidentTutorial__Sample06__MiFish	047_Ophidiidae	247
ClaidentTutorial__Sample06__MiFish	049_Acestrorhynchidae	247
ClaidentTutorial__Sample06__MiFish	050_Mastacembelidae	244
ClaidentTutorial__Sample06__MiFish	054_Citharidae	243
ClaidentTutorial__Sample06__MiFish	055_Pantodontidae	247
ClaidentTutorial__Sample06__MiFish	056_Polymixiidae	247
ClaidentTutorial__Sample06__MiFish	061_Monocentridae	248
ClaidentTutorial__Sample06__MiFish	062_Anostomidae	245
ClaidentTutorial__Sample06__MiFish	064_Gobiesocidae	250
ClaidentTutorial__Sample06__MiFish	065_Terapontidae	247
ClaidentTutorial__Sample06__MiFish	074_Arripidae	246
ClaidentTutorial__Sample06__MiFish	085_Chaunacidae	244
ClaidentTutorial__Sample06__MiFish	086_Ictaluridae	245
ClaidentTutorial__Sample06__MiFish	125_Rivulidae	247
ClaidentTutorial__Sample07__MiFish	001_Gobiidae	990
ClaidentTutorial__Sample07__MiFish	002_Clupeidae	247
ClaidentTutorial__Sample07__MiFish	003_Cichlidae	985
ClaidentTutorial__Sample07__MiFish	004_Cyprinidae	247
ClaidentTutorial__Sample07__MiFish	005_Cobitidae	249
ClaidentTutorial__Sample07__MiFish	006_Congridae	247
ClaidentTutorial__Sample07__MiFish	007_Gastromyzontidae	248
ClaidentTutorial__Sample07__MiFish	010_Nemacheilidae	496
ClaidentTutorial__Sample07__MiFish	011_Serranidae	244
ClaidentTutorial__Sample07__MiFish	012_Bramidae	249
ClaidentTutorial__Sample07__MiFish	013_Apogonidae	247
ClaidentTutorial__Sample07__MiFish	014_Soleidae	491
ClaidentTutorial__Sample07__MiFish	015_Odontobutidae	248
ClaidentTutorial__Sample07__MiFish	017_unidentified_Osteoglossiformes	246
ClaidentTutorial__Sample07__MiFish	019_Percophidae	244
ClaidentTutorial__Sample07__MiFish	020_Cynoglossidae	249
ClaidentTutorial__Sample07__MiFish	021_Sparidae	249
ClaidentTutorial__Sample07__MiFish	023_Bythitidae	248
ClaidentTutorial__Sample07__MiFish	024_Hemiramphidae	249
ClaidentTutorial__Sample07__MiFish	025_Megalopidae	247
ClaidentTutorial__Sample07__MiFish	026_Chaetodontidae	250
ClaidentTutorial__Sample07__MiFish	028_Aplocheilidae	496
ClaidentTutorial__Sample07__MiFish	031_Sphyraenidae	252
ClaidentTutorial__Sample07__MiFish	035_Doradidae	243
ClaidentTutorial__Sample07__MiFish	037_Nettastomatidae	249
ClaidentTutorial__Sample07__MiFish	038_Monacanthidae	248
ClaidentTutorial__Sample07__MiFish	044_Nothobranchiidae	247
ClaidentTutorial__Sample07__MiFish	045_Stromateidae	246
ClaidentTutorial__Sample07__MiFish	046_Myctophidae	245
ClaidentTutorial__Sample07__MiFish	049_Acestrorhynchidae	248
ClaidentTutorial__Sample07__MiFish	050_Mastacembelidae	245
ClaidentTutorial__Sample07__MiFish	054_Citharidae	248
ClaidentTutorial__Sample07__MiFish	055_Pantodontidae	241
ClaidentTutorial__Sample07__MiFish	057_Parazenidae	248
ClaidentTutorial__Sample07__MiFish	065_Terapontidae	243
ClaidentTutorial__Sample07__MiFish	074_Arripidae	243
ClaidentTutorial__Sample07__MiFish	083_Embiotocidae	248
ClaidentTutorial__Sample07__MiFish	085_Chaunacidae	242
ClaidentTutorial__Sample07__MiFish	086_Ictaluridae	244
ClaidentTutorial__Sample07__MiFish	117_Fistulariidae	249
ClaidentTutorial__Sample07__MiFish	120_Bagridae	247
ClaidentTutorial__Sample08__MiFish	001_Gobiidae	488
ClaidentTutorial__Sample08__MiFish	002_Clupeidae	495
ClaidentTutorial__Sample08__MiFish	003_Cichlidae	497
ClaidentTutorial__Sample08__MiFish	004_Cyprinidae	250
ClaidentTutorial__Sample08__MiFish	005_Cobitidae	245
ClaidentTutorial__Sample08__MiFish	006_Congridae	246
ClaidentTutorial__Sample08__MiFish	007_Gastromyzontidae	247
ClaidentTutorial__Sample08__MiFish	010_Nemacheilidae	490
ClaidentTutorial__Sample08__MiFish	012_Bramidae	250
ClaidentTutorial__Sample08__MiFish	013_Apogonidae	246
ClaidentTutorial__Sample08__MiFish	014_Soleidae	492
ClaidentTutorial__Sample08__MiFish	015_Odontobutidae	245
ClaidentTutorial__Sample08__MiFish	017_unidentified_Osteoglossiformes	244
ClaidentTutorial__Sample08__MiFish	019_Percophidae	242
ClaidentTutorial__Sample08__MiFish	020_Cynoglossidae	254
ClaidentTutorial__Sample08__MiFish	021_Sparidae	246
ClaidentTutorial__Sample08__MiFish	023_Bythitidae	248
ClaidentTutorial__Sample08__MiFish	024_Hemiramphidae	241
ClaidentTutorial__Sample08__MiFish	025_Megalopidae	244
ClaidentTutorial__Sample08__MiFish	026_Chaetodontidae	245
ClaidentTutorial__Sample08__MiFish	028_Aplocheilidae	488
ClaidentTutorial__Sample08__MiFish	031_Sphyraenidae	247
ClaidentTutorial__Sample08__MiFish	035_Doradidae	246
ClaidentTutorial__Sample08__MiFish	037_Nettastomatidae	247
ClaidentTutorial__Sample08__MiFish	038_Monacanthidae	248
ClaidentTutorial__Sample08__MiFish	039_Percidae	248
ClaidentTutorial__Sample08__MiFish	043_Polynemidae	246
ClaidentTutorial__Sample08__MiFish	044_Nothobranchiidae	496
ClaidentTutorial__Sample08__MiFish	045_Stromateidae	247
ClaidentTutorial__Sample08__MiFish	046_Myctophidae	251
ClaidentTutorial__Sample08__MiFish	049_Acestrorhynchidae	243
ClaidentTutorial__Sample08__MiFish	050_Mastacembelidae	248
ClaidentTutorial__Sample08__MiFish	057_Parazenidae	248
ClaidentTutorial__Sample08__MiFish	060_Galaxiidae	247
ClaidentTutorial__Sample08__MiFish	065_Terapontidae	248
ClaidentTutorial__Sample08__MiFish	069_Cranoglanididae	242
ClaidentTutorial__Sample08__MiFish	074_Arripidae	243
ClaidentTutorial__Sample08__MiFish	083_Embiotocidae	245
ClaidentTutorial__Sample08__MiFish	085_Chaunacidae	248
ClaidentTutorial__Sample08__MiFish	086_Ictaluridae	246
ClaidentTutorial__Sample08__MiFish	101_Malapteruridae	247
ClaidentTutorial__Sample08__MiFish	118_Gerreidae	248
ClaidentTutorial__Sample08__MiFish	131_Catostomidae	243
ClaidentTutorial__Sample09__MiFish	001_Gobiidae	492
ClaidentTutorial__Sample09__MiFish	002_Clupeidae	247
ClaidentTutorial__Sample09__MiFish	003_Cichlidae	493
ClaidentTutorial__Sample09__MiFish	004_Cyprinidae	245
ClaidentTutorial__Sample09__MiFish	005_Cobitidae	250
ClaidentTutorial__Sample09__MiFish	006_Congridae	246
ClaidentTutorial__Sample09__MiFish	007_Gastromyzontidae	248
ClaidentTutorial__Sample09__MiFish	009_Danionidae	246
ClaidentTutorial__Sample09__MiFish	010_Nemacheilidae	493
ClaidentTutorial__Sample09__MiFish	012_Bramidae	247
ClaidentTutorial__Sample09__MiFish	013_Apogonidae	250
ClaidentTutorial__Sample09__MiFish	014_Soleidae	244
ClaidentTutorial__Sample09__MiFish	015_Odontobutidae	247
ClaidentTutorial__Sample09__MiFish	017_unidentified_Osteoglossiformes	249
ClaidentTutorial__Sample09__MiFish	019_Percophidae	249
ClaidentTutorial__Sample09__MiFish	020_Cynoglossidae	245
ClaidentTutorial__Sample09__MiFish	021_Sparidae	251
ClaidentTutorial__Sample09__MiFish	022_Channidae	249
ClaidentTutorial__Sample09__MiFish	023_Bythitidae	247
ClaidentTutorial__Sample09__MiFish	025_Megalopidae	247
ClaidentTutorial__Sample09__MiFish	026_Chaetodontidae	248
ClaidentTutorial__Sample09__MiFish	028_Aplocheilidae	249
ClaidentTutorial__Sample09__MiFish	031_Sphyraenidae	245
ClaidentTutorial__Sample09__MiFish	033_Notacanthidae	246
ClaidentTutorial__Sample09__MiFish	035_Doradidae	250
ClaidentTutorial__Sample09__MiFish	037_Nettastomatidae	244
ClaidentTutorial__Sample09__MiFish	039_Percidae	251
ClaidentTutorial__Sample09__MiFish	043_Polynemidae	249
ClaidentTutorial__Sample09__MiFish	044_Nothobranchiidae	246
ClaidentTutorial__Sample09__MiFish	045_Stromateidae	246
ClaidentTutorial__Sample09__MiFish	046_Myctophidae	243
ClaidentTutorial__Sample09__MiFish	049_Acestrorhynchidae	250
ClaidentTutorial__Sample09__MiFish	050_Mastacembelidae	246
ClaidentTutorial__Sample09__MiFish	052_Coelacanthidae	245
ClaidentTutorial__Sample09__MiFish	058_Kyphosidae	246
ClaidentTutorial__Sample09__MiFish	060_Galaxiidae	245
ClaidentTutorial__Sample09__MiFish	065_Terapontidae	241
ClaidentTutorial__Sample09__MiFish	069_Cranoglanididae	245
ClaidentTutorial__Sample09__MiFish	071_Callichthyidae	246
ClaidentTutorial__Sample09__MiFish	083_Embiotocidae	246
ClaidentTutorial__Sample09__MiFish	085_Chaunacidae	247
ClaidentTutorial__Sample09__MiFish	086_Ictaluridae	245
ClaidentTutorial__Sample09__MiFish	095_Muraenidae	247
ClaidentTutorial__Sample09__MiFish	100_Triacanthidae	242
ClaidentTutorial__Sample09__MiFish	101_Malapteruridae	245
ClaidentTutorial__Sample09__MiFish	113_Acheilognathidae	242
ClaidentTutorial__Sample09__MiFish	115_Sebastidae	250
ClaidentTutorial__Sample10__MiFish	001_Gobiidae	495
ClaidentTutorial__Sample10__MiFish	002_Clupeidae	492
ClaidentTutorial__Sample10__MiFish	003_Cichlidae	495
ClaidentTutorial__Sample10__MiFish	004_Cyprinidae	249
ClaidentTutorial__Sample10__MiFish	005_Cobitidae	246
ClaidentTutorial__Sample10__MiFish	006_Congridae	249
ClaidentTutorial__Sample10__MiFish	007_Gastromyzontidae	251
ClaidentTutorial__Sample10__MiFish	008_Labridae	242
ClaidentTutorial__Sample10__MiFish	009_Danionidae	486
ClaidentTutorial__Sample10__MiFish	010_Nemacheilidae	493
ClaidentTutorial__Sample10__MiFish	012_Bramidae	244
ClaidentTutorial__Sample10__MiFish	013_Apogonidae	242
ClaidentTutorial__Sample10__MiFish	014_Soleidae	496
ClaidentTutorial__Sample10__MiFish	015_Odontobutidae	246
ClaidentTutorial__Sample10__MiFish	017_unidentified_Osteoglossiformes	238
ClaidentTutorial__Sample10__MiFish	019_Percophidae	243
ClaidentTutorial__Sample10__MiFish	020_Cynoglossidae	246
ClaidentTutorial__Sample10__MiFish	021_Sparidae	247
ClaidentTutorial__Sample10__MiFish	022_Channidae	246
ClaidentTutorial__Sample10__MiFish	023_Bythitidae	248
ClaidentTutorial__Sample10__MiFish	024_Hemiramphidae	246
ClaidentTutorial__Sample10__MiFish	025_Megalopidae	247
ClaidentTutorial__Sample10__MiFish	026_Chaetodontidae	252
ClaidentTutorial__Sample10__MiFish	027_Nemipteridae	242
ClaidentTutorial__Sample10__MiFish	028_Aplocheilidae	248
ClaidentTutorial__Sample10__MiFish	030_Tetraodontidae	246
ClaidentTutorial__Sample10__MiFish	031_Sphyraenidae	245
ClaidentTutorial__Sample10__MiFish	033_Notacanthidae	248
ClaidentTutorial__Sample10__MiFish	039_Percidae	243
ClaidentTutorial__Sample10__MiFish	043_Polynemidae	246
ClaidentTutorial__Sample10__MiFish	049_Acestrorhynchidae	247
ClaidentTutorial__Sample10__MiFish	050_Mastacembelidae	247
ClaidentTutorial__Sample10__MiFish	052_Coelacanthidae	247
ClaidentTutorial__Sample10__MiFish	058_Kyphosidae	248
ClaidentTutorial__Sample10__MiFish	060_Galaxiidae	247
ClaidentTutorial__Sample10__MiFish	069_Cranoglanididae	251
ClaidentTutorial__Sample10__MiFish	071_Callichthyidae	249
ClaidentTutorial__Sample10__MiFish	083_Embiotocidae	245
ClaidentTutorial__Sample10__MiFish	087_Anarhichadidae	241
ClaidentTutorial__Sample10__MiFish	095_Muraenidae	248
ClaidentTutorial__Sample10__MiFish	100_Triacanthidae	246
ClaidentTutorial__Sample10__MiFish	101_Malapteruridae	242
ClaidentTutorial__Sample10__MiFish	108_Haemulidae	246
ClaidentTutorial__Sample10__MiFish	130_Trachipteridae	244
ClaidentTutorial__Sample11__MiFish	001_Gobiidae	487
ClaidentTutorial__Sample11__MiFish	002_Clupeidae	741
ClaidentTutorial__Sample11__MiFish	003_Cichlidae	247
ClaidentTutorial__Sample11__MiFish	004_Cyprinidae	246
ClaidentTutorial__Sample11__MiFish	005_Cobitidae	246
ClaidentTutorial__Sample11__MiFish	006_Congridae	244
ClaidentTutorial__Sample11__MiFish	007_Gastromyzontidae	246
ClaidentTutorial__Sample11__MiFish	008_Labridae	247
ClaidentTutorial__Sample11__MiFish	009_Danionidae	248
ClaidentTutorial__Sample11__MiFish	010_Nemacheilidae	246
ClaidentTutorial__Sample11__MiFish	012_Bramidae	250
ClaidentTutorial__Sample11__MiFish	013_Apogonidae	240
ClaidentTutorial__Sample11__MiFish	014_Soleidae	491
ClaidentTutorial__Sample11__MiFish	015_Odontobutidae	244
ClaidentTutorial__Sample11__MiFish	016_Umbridae	246
ClaidentTutorial__Sample11__MiFish	017_unidentified_Osteoglossiformes	249
ClaidentTutorial__Sample11__MiFish	019_Percophidae	246
ClaidentTutorial__Sample11__MiFish	020_Cynoglossidae	242
ClaidentTutorial__Sample11__MiFish	021_Sparidae	247
ClaidentTutorial__Sample11__MiFish	022_Channidae	246
ClaidentTutorial__Sample11__MiFish	023_Bythitidae	250
ClaidentTutorial__Sample11__MiFish	024_Hemiramphidae	249
ClaidentTutorial__Sample11__MiFish	025_Megalopidae	247
ClaidentTutorial__Sample11__MiFish	026_Chaetodontidae	246
ClaidentTutorial__Sample11__MiFish	028_Aplocheilidae	247
ClaidentTutorial__Sample11__MiFish	029_Lutjanidae	486
ClaidentTutorial__Sample11__MiFish	031_Sphyraenidae	246
ClaidentTutorial__Sample11__MiFish	033_Notacanthidae	245
ClaidentTutorial__Sample11__MiFish	043_Polynemidae	248
ClaidentTutorial__Sample11__MiFish	049_Acestrorhynchidae	249
ClaidentTutorial__Sample11__MiFish	050_Mastacembelidae	246
ClaidentTutorial__Sample11__MiFish	052_Coelacanthidae	246
ClaidentTutorial__Sample11__MiFish	057_Parazenidae	248
ClaidentTutorial__Sample11__MiFish	058_Kyphosidae	246
ClaidentTutorial__Sample11__MiFish	059_Balitoridae	246
ClaidentTutorial__Sample11__MiFish	060_Galaxiidae	246
ClaidentTutorial__Sample11__MiFish	069_Cranoglanididae	247
ClaidentTutorial__Sample11__MiFish	070_Anabantidae	246
ClaidentTutorial__Sample11__MiFish	071_Callichthyidae	240
ClaidentTutorial__Sample11__MiFish	087_Anarhichadidae	246
ClaidentTutorial__Sample11__MiFish	095_Muraenidae	244
ClaidentTutorial__Sample11__MiFish	100_Triacanthidae	247
ClaidentTutorial__Sample11__MiFish	103_Centrolophidae	247
ClaidentTutorial__Sample11__MiFish	108_Haemulidae	246
ClaidentTutorial__Sample11__MiFish	110_Xenocyprididae	246
ClaidentTutorial__Sample12__MiFish	001_Gobiidae	745
ClaidentTutorial__Sample12__MiFish	002_Clupeidae	742
ClaidentTutorial__Sample12__MiFish	003_Cichlidae	245
ClaidentTutorial__Sample12__MiFish	004_Cyprinidae	493
ClaidentTutorial__Sample12__MiFish	005_Cobitidae	251
ClaidentTutorial__Sample12__MiFish	006_Congridae	242
ClaidentTutorial__Sample12__MiFish	007_Gastromyzontidae	249
ClaidentTutorial__Sample12__MiFish	008_Labridae	247
ClaidentTutorial__Sample12__MiFish	009_Danionidae	244
ClaidentTutorial__Sample12__MiFish	012_Bramidae	245
ClaidentTutorial__Sample12__MiFish	013_Apogonidae	247
ClaidentTutorial__Sample12__MiFish	014_Soleidae	496
ClaidentTutorial__Sample12__MiFish	015_Odontobutidae	247
ClaidentTutorial__Sample12__MiFish	016_Umbridae	244
ClaidentTutorial__Sample12__MiFish	017_unidentified_Osteoglossiformes	251
ClaidentTutorial__Sample12__MiFish	019_Percophidae	255
ClaidentTutorial__Sample12__MiFish	020_Cynoglossidae	244
ClaidentTutorial__Sample12__MiFish	021_Sparidae	248
ClaidentTutorial__Sample12__MiFish	022_Channidae	250
ClaidentTutorial__Sample12__MiFish	023_Bythitidae	241
ClaidentTutorial__Sample12__MiFish	024_Hemiramphidae	247
ClaidentTutorial__Sample12__MiFish	026_Chaetodontidae	246
ClaidentTutorial__Sample12__MiFish	029_Lutjanidae	244
ClaidentTutorial__Sample12__MiFish	030_Tetraodontidae	245
ClaidentTutorial__Sample12__MiFish	031_Sphyraenidae	248
ClaidentTutorial__Sample12__MiFish	032_Centrarchidae	244
ClaidentTutorial__Sample12__MiFish	033_Notacanthidae	248
ClaidentTutorial__Sample12__MiFish	036_Scombridae	248
ClaidentTutorial__Sample12__MiFish	043_Polynemidae	246
ClaidentTutorial__Sample12__MiFish	050_Mastacembelidae	250
ClaidentTutorial__Sample12__MiFish	052_Coelacanthidae	244
ClaidentTutorial__Sample12__MiFish	057_Parazenidae	249
ClaidentTutorial__Sample12__MiFish	058_Kyphosidae	249
ClaidentTutorial__Sample12__MiFish	059_Balitoridae	245
ClaidentTutorial__Sample12__MiFish	063_Sciaenidae	246
ClaidentTutorial__Sample12__MiFish	069_Cranoglanididae	247
ClaidentTutorial__Sample12__MiFish	070_Anabantidae	245
ClaidentTutorial__Sample12__MiFish	071_Callichthyidae	247
ClaidentTutorial__Sample12__MiFish	078_Goodeidae	248
ClaidentTutorial__Sample12__MiFish	079_Paralichthyidae	249
ClaidentTutorial__Sample12__MiFish	087_Anarhichadidae	244
ClaidentTutorial__Sample12__MiFish	098_Vaillantellidae	244
ClaidentTutorial__Sample12__MiFish	103_Centrolophidae	248
ClaidentTutorial__Sample12__MiFish	110_Xenocyprididae	245
ClaidentTutorial__Sample13__MiFish	001_Gobiidae	984
ClaidentTutorial__Sample13__MiFish	002_Clupeidae	983
ClaidentTutorial__Sample13__MiFish	003_Cichlidae	246
ClaidentTutorial__Sample13__MiFish	005_Cobitidae	244
ClaidentTutorial__Sample13__MiFish	006_Congridae	245
ClaidentTutorial__Sample13__MiFish	007_Gastromyzontidae	247
ClaidentTutorial__Sample13__MiFish	008_Labridae	245
ClaidentTutorial__Sample13__MiFish	009_Danionidae	495
ClaidentTutorial__Sample13__MiFish	013_Apogonidae	252
ClaidentTutorial__Sample13__MiFish	014_Soleidae	486
ClaidentTutorial__Sample13__MiFish	015_Odontobutidae	249
ClaidentTutorial__Sample13__MiFish	016_Umbridae	246
ClaidentTutorial__Sample13__MiFish	017_unidentified_Osteoglossiformes	248
ClaidentTutorial__Sample13__MiFish	018_Bothidae	242
ClaidentTutorial__Sample13__MiFish	019_Percophidae	247
ClaidentTutorial__Sample13__MiFish	020_Cynoglossidae	244
ClaidentTutorial__Sample13__MiFish	021_Sparidae	247
ClaidentTutorial__Sample13__MiFish	022_Channidae	495
ClaidentTutorial__Sample13__MiFish	023_Bythitidae	251
ClaidentTutorial__Sample13__MiFish	024_Hemiramphidae	245
ClaidentTutorial__Sample13__MiFish	026_Chaetodontidae	246
ClaidentTutorial__Sample13__MiFish	027_Nemipteridae	251
ClaidentTutorial__Sample13__MiFish	029_Lutjanidae	246
ClaidentTutorial__Sample13__MiFish	030_Tetraodontidae	245
ClaidentTutorial__Sample13__MiFish	032_Centrarchidae	247
ClaidentTutorial__Sample13__MiFish	033_Notacanthidae	244
ClaidentTutorial__Sample13__MiFish	034_Engraulidae	245
ClaidentTutorial__Sample13__MiFish	036_Scombridae	246
ClaidentTutorial__Sample13__MiFish	038_Monacanthidae	247
ClaidentTutorial__Sample13__MiFish	041_Mugilidae	249
ClaidentTutorial__Sample13__MiFish	042_Characidae	246
ClaidentTutorial__Sample13__MiFish	043_Polynemidae	247
ClaidentTutorial__Sample13__MiFish	052_Coelacanthidae	249
ClaidentTutorial__Sample13__MiFish	057_Parazenidae	245
ClaidentTutorial__Sample13__MiFish	059_Balitoridae	250
ClaidentTutorial__Sample13__MiFish	063_Sciaenidae	245
ClaidentTutorial__Sample13__MiFish	070_Anabantidae	248
ClaidentTutorial__Sample13__MiFish	071_Callichthyidae	249
ClaidentTutorial__Sample13__MiFish	078_Goodeidae	248
ClaidentTutorial__Sample13__MiFish	087_Anarhichadidae	245
ClaidentTutorial__Sample13__MiFish	098_Vaillantellidae	247
ClaidentTutorial__Sample14__MiFish	001_Gobiidae	986
ClaidentTutorial__Sample14__MiFish	002_Clupeidae	743
ClaidentTutorial__Sample14__MiFish	003_Cichlidae	247
ClaidentTutorial__Sample14__MiFish	005_Cobitidae	243
ClaidentTutorial__Sample14__MiFish	006_Congridae	245
ClaidentTutorial__Sample14__MiFish	007_Gastromyzontidae	249
ClaidentTutorial__Sample14__MiFish	008_Labridae	741
ClaidentTutorial__Sample14__MiFish	009_Danionidae	490
ClaidentTutorial__Sample14__MiFish	012_Bramidae	246
ClaidentTutorial__Sample14__MiFish	013_Apogonidae	245
ClaidentTutorial__Sample14__MiFish	015_Odontobutidae	249
ClaidentTutorial__Sample14__MiFish	016_Umbridae	245
ClaidentTutorial__Sample14__MiFish	017_unidentified_Osteoglossiformes	239
ClaidentTutorial__Sample14__MiFish	018_Bothidae	248
ClaidentTutorial__Sample14__MiFish	019_Percophidae	244
ClaidentTutorial__Sample14__MiFish	020_Cynoglossidae	245
ClaidentTutorial__Sample14__MiFish	022_Channidae	248
ClaidentTutorial__Sample14__MiFish	023_Bythitidae	245
ClaidentTutorial__Sample14__MiFish	025_Megalopidae	243
ClaidentTutorial__Sample14__MiFish	026_Chaetodontidae	246
ClaidentTutorial__Sample14__MiFish	027_Nemipteridae	247
ClaidentTutorial__Sample14__MiFish	029_Lutjanidae	250
ClaidentTutorial__Sample14__MiFish	030_Tetraodontidae	248
ClaidentTutorial__Sample14__MiFish	032_Centrarchidae	249
ClaidentTutorial__Sample14__MiFish	033_Notacanthidae	248
ClaidentTutorial__Sample14__MiFish	034_Engraulidae	246
ClaidentTutorial__Sample14__MiFish	036_Scombridae	247
ClaidentTutorial__Sample14__MiFish	039_Percidae	244
ClaidentTutorial__Sample14__MiFish	041_Mugilidae	248
ClaidentTutorial__Sample14__MiFish	042_Characidae	244
ClaidentTutorial__Sample14__MiFish	043_Polynemidae	246
ClaidentTutorial__Sample14__MiFish	048_Sternopygidae	249
ClaidentTutorial__Sample14__MiFish	051_Elassomatidae	243
ClaidentTutorial__Sample14__MiFish	052_Coelacanthidae	243
ClaidentTutorial__Sample14__MiFish	053_Pegasidae	250
ClaidentTutorial__Sample14__MiFish	057_Parazenidae	246
ClaidentTutorial__Sample14__MiFish	059_Balitoridae	246
ClaidentTutorial__Sample14__MiFish	063_Sciaenidae	245
ClaidentTutorial__Sample14__MiFish	070_Anabantidae	246
ClaidentTutorial__Sample14__MiFish	076_Zeidae	249
ClaidentTutorial__Sample14__MiFish	080_Cirrhitidae	246
ClaidentTutorial__Sample14__MiFish	098_Vaillantellidae	245
ClaidentTutorial__Sample15__MiFish	001_Gobiidae	983
ClaidentTutorial__Sample15__MiFish	002_Clupeidae	741
ClaidentTutorial__Sample15__MiFish	004_Cyprinidae	246
ClaidentTutorial__Sample15__MiFish	005_Cobitidae	246
ClaidentTutorial__Sample15__MiFish	006_Congridae	494
ClaidentTutorial__Sample15__MiFish	007_Gastromyzontidae	247
ClaidentTutorial__Sample15__MiFish	008_Labridae	244
ClaidentTutorial__Sample15__MiFish	009_Danionidae	495
ClaidentTutorial__Sample15__MiFish	012_Bramidae	490
ClaidentTutorial__Sample15__MiFish	013_Apogonidae	249
ClaidentTutorial__Sample15__MiFish	015_Odontobutidae	246
ClaidentTutorial__Sample15__MiFish	016_Umbridae	246
ClaidentTutorial__Sample15__MiFish	018_Bothidae	242
ClaidentTutorial__Sample15__MiFish	019_Percophidae	247
ClaidentTutorial__Sample15__MiFish	020_Cynoglossidae	245
ClaidentTutorial__Sample15__MiFish	022_Channidae	248
ClaidentTutorial__Sample15__MiFish	023_Bythitidae	246
ClaidentTutorial__Sample15__MiFish	025_Megalopidae	247
ClaidentTutorial__Sample15__MiFish	027_Nemipteridae	251
ClaidentTutorial__Sample15__MiFish	029_Lutjanidae	244
ClaidentTutorial__Sample15__MiFish	030_Tetraodontidae	250
ClaidentTutorial__Sample15__MiFish	032_Centrarchidae	248
ClaidentTutorial__Sample15__MiFish	033_Notacanthidae	247
ClaidentTutorial__Sample15__MiFish	034_Engraulidae	247
ClaidentTutorial__Sample15__MiFish	036_Scombridae	250
ClaidentTutorial__Sample15__MiFish	041_Mugilidae	245
ClaidentTutorial__Sample15__MiFish	042_Characidae	248
ClaidentTutorial__Sample15__MiFish	043_Polynemidae	247
ClaidentTutorial__Sample15__MiFish	048_Sternopygidae	249
ClaidentTutorial__Sample15__MiFish	051_Elassomatidae	250
ClaidentTutorial__Sample15__MiFish	052_Coelacanthidae	249
ClaidentTutorial__Sample15__MiFish	053_Pegasidae	251
ClaidentTutorial__Sample15__MiFish	059_Balitoridae	246
ClaidentTutorial__Sample15__MiFish	061_Monocentridae	248
ClaidentTutorial__Sample15__MiFish	064_Gobiesocidae	245
ClaidentTutorial__Sample15__MiFish	070_Anabantidae	246
ClaidentTutorial__Sample15__MiFish	076_Zeidae	245
ClaidentTutorial__Sample15__MiFish	080_Cirrhitidae	248
ClaidentTutorial__Sample15__MiFish	097_Esocidae	244
ClaidentTutorial__Sample15__MiFish	114_Odacidae	244
ClaidentTutorial__Sample15__MiFish	123_Echeneidae	247
ClaidentTutorial__Sample15__MiFish	124_Protopteridae	247
ClaidentTutorial__Sample16__MiFish	001_Gobiidae	737
ClaidentTutorial__Sample16__MiFish	002_Clupeidae	735
ClaidentTutorial__Sample16__MiFish	004_Cyprinidae	490
ClaidentTutorial__Sample16__MiFish	005_Cobitidae	248
ClaidentTutorial__Sample16__MiFish	006_Congridae	247
ClaidentTutorial__Sample16__MiFish	007_Gastromyzontidae	242
ClaidentTutorial__Sample16__MiFish	008_Labridae	248
ClaidentTutorial__Sample16__MiFish	009_Danionidae	250
ClaidentTutorial__Sample16__MiFish	012_Bramidae	485
ClaidentTutorial__Sample16__MiFish	013_Apogonidae	245
ClaidentTutorial__Sample16__MiFish	015_Odontobutidae	248
ClaidentTutorial__Sample16__MiFish	016_Umbridae	495
ClaidentTutorial__Sample16__MiFish	018_Bothidae	240
ClaidentTutorial__Sample16__MiFish	019_Percophidae	250
ClaidentTutorial__Sample16__MiFish	023_Bythitidae	248
ClaidentTutorial__Sample16__MiFish	025_Megalopidae	245
ClaidentTutorial__Sample16__MiFish	027_Nemipteridae	245
ClaidentTutorial__Sample16__MiFish	029_Lutjanidae	251
ClaidentTutorial__Sample16__MiFish	030_Tetraodontidae	249
ClaidentTutorial__Sample16__MiFish	032_Centrarchidae	247
ClaidentTutorial__Sample16__MiFish	033_Notacanthidae	245
ClaidentTutorial__Sample16__MiFish	034_Engraulidae	248
ClaidentTutorial__Sample16__MiFish	036_Scombridae	247
ClaidentTutorial__Sample16__MiFish	039_Percidae	243
ClaidentTutorial__Sample16__MiFish	041_Mugilidae	245
ClaidentTutorial__Sample16__MiFish	042_Characidae	248
ClaidentTutorial__Sample16__MiFish	048_Sternopygidae	244
ClaidentTutorial__Sample16__MiFish	051_Elassomatidae	247
ClaidentTutorial__Sample16__MiFish	053_Pegasidae	244
ClaidentTutorial__Sample16__MiFish	059_Balitoridae	248
ClaidentTutorial__Sample16__MiFish	060_Galaxiidae	248
ClaidentTutorial__Sample16__MiFish	061_Monocentridae	249
ClaidentTutorial__Sample16__MiFish	064_Gobiesocidae	243
ClaidentTutorial__Sample16__MiFish	068_Osphronemidae	249
ClaidentTutorial__Sample16__MiFish	072_unidentified_Cyprinoidei	248
ClaidentTutorial__Sample16__MiFish	076_Zeidae	247
ClaidentTutorial__Sample16__MiFish	080_Cirrhitidae	246
ClaidentTutorial__Sample16__MiFish	093_unidentified_Teleostei	243
ClaidentTutorial__Sample16__MiFish	094_Osteoglossidae	246
ClaidentTutorial__Sample16__MiFish	097_Esocidae	246
ClaidentTutorial__Sample16__MiFish	106_Stomiidae	246
ClaidentTutorial__Sample16__MiFish	114_Odacidae	244
ClaidentTutorial__Sample16__MiFish	136_Elopidae	242
ClaidentTutorial__Sample17__MiFish	001_Gobiidae	496
ClaidentTutorial__Sample17__MiFish	002_Clupeidae	247
ClaidentTutorial__Sample17__MiFish	004_Cyprinidae	499
ClaidentTutorial__Sample17__MiFish	005_Cobitidae	249
ClaidentTutorial__Sample17__MiFish	006_Congridae	248
ClaidentTutorial__Sample17__MiFish	007_Gastromyzontidae	248
ClaidentTutorial__Sample17__MiFish	008_Labridae	249
ClaidentTutorial__Sample17__MiFish	009_Danionidae	251
ClaidentTutorial__Sample17__MiFish	012_Bramidae	247
ClaidentTutorial__Sample17__MiFish	013_Apogonidae	245
ClaidentTutorial__Sample17__MiFish	015_Odontobutidae	247
ClaidentTutorial__Sample17__MiFish	016_Umbridae	490
ClaidentTutorial__Sample17__MiFish	018_Bothidae	491
ClaidentTutorial__Sample17__MiFish	019_Percophidae	245
ClaidentTutorial__Sample17__MiFish	025_Megalopidae	246
ClaidentTutorial__Sample17__MiFish	027_Nemipteridae	251
ClaidentTutorial__Sample17__MiFish	028_Aplocheilidae	246
ClaidentTutorial__Sample17__MiFish	029_Lutjanidae	250
ClaidentTutorial__Sample17__MiFish	030_Tetraodontidae	243
ClaidentTutorial__Sample17__MiFish	032_Centrarchidae	250
ClaidentTutorial__Sample17__MiFish	033_Notacanthidae	244
ClaidentTutorial__Sample17__MiFish	034_Engraulidae	247
ClaidentTutorial__Sample17__MiFish	036_Scombridae	249
ClaidentTutorial__Sample17__MiFish	039_Percidae	247
ClaidentTutorial__Sample17__MiFish	041_Mugilidae	247
ClaidentTutorial__Sample17__MiFish	042_Characidae	247
ClaidentTutorial__Sample17__MiFish	048_Sternopygidae	247
ClaidentTutorial__Sample17__MiFish	051_Elassomatidae	245
ClaidentTutorial__Sample17__MiFish	053_Pegasidae	243
ClaidentTutorial__Sample17__MiFish	060_Galaxiidae	246
ClaidentTutorial__Sample17__MiFish	061_Monocentridae	243
ClaidentTutorial__Sample17__MiFish	068_Osphronemidae	245
ClaidentTutorial__Sample17__MiFish	072_unidentified_Cyprinoidei	247
ClaidentTutorial__Sample17__MiFish	076_Zeidae	248
ClaidentTutorial__Sample17__MiFish	080_Cirrhitidae	245
ClaidentTutorial__Sample17__MiFish	081_Plotosidae	247
ClaidentTutorial__Sample17__MiFish	082_Psilorhynchidae	248
ClaidentTutorial__Sample17__MiFish	088_Molidae	246
ClaidentTutorial__Sample17__MiFish	093_unidentified_Teleostei	249
ClaidentTutorial__Sample17__MiFish	094_Osteoglossidae	246
ClaidentTutorial__Sample17__MiFish	097_Esocidae	246
ClaidentTutorial__Sample17__MiFish	102_Nemichthyidae	243
ClaidentTutorial__Sample17__MiFish	106_Stomiidae	247
ClaidentTutorial__Sample17__MiFish	113_Acheilognathidae	246
ClaidentTutorial__Sample17__MiFish	116_Syngnathidae	249
ClaidentTutorial__Sample17__MiFish	129_Centropomidae	244
ClaidentTutorial__Sample18__MiFish	001_Gobiidae	742
ClaidentTutorial__Sample18__MiFish	002_Clupeidae	243
ClaidentTutorial__Sample18__MiFish	004_Cyprinidae	745
ClaidentTutorial__Sample18__MiFish	005_Cobitidae	249
ClaidentTutorial__Sample18__MiFish	006_Congridae	248
ClaidentTutorial__Sample18__MiFish	007_Gastromyzontidae	247
ClaidentTutorial__Sample18__MiFish	008_Labridae	246
ClaidentTutorial__Sample18__MiFish	009_Danionidae	250
ClaidentTutorial__Sample18__MiFish	011_Serranidae	246
ClaidentTutorial__Sample18__MiFish	012_Bramidae	248
ClaidentTutorial__Sample18__MiFish	013_Apogonidae	248
ClaidentTutorial__Sample18__MiFish	015_Odontobutidae	249
ClaidentTutorial__Sample18__MiFish	016_Umbridae	498
ClaidentTutorial__Sample18__MiFish	018_Bothidae	493
ClaidentTutorial__Sample18__MiFish	025_Megalopidae	246
ClaidentTutorial__Sample18__MiFish	027_Nemipteridae	243
ClaidentTutorial__Sample18__MiFish	028_Aplocheilidae	247
ClaidentTutorial__Sample18__MiFish	029_Lutjanidae	249
ClaidentTutorial__Sample18__MiFish	030_Tetraodontidae	241
ClaidentTutorial__Sample18__MiFish	032_Centrarchidae	247
ClaidentTutorial__Sample18__MiFish	033_Notacanthidae	248
ClaidentTutorial__Sample18__MiFish	034_Engraulidae	490
ClaidentTutorial__Sample18__MiFish	036_Scombridae	246
ClaidentTutorial__Sample18__MiFish	039_Percidae	251
ClaidentTutorial__Sample18__MiFish	040_Cepolidae	249
ClaidentTutorial__Sample18__MiFish	041_Mugilidae	249
ClaidentTutorial__Sample18__MiFish	042_Characidae	247
ClaidentTutorial__Sample18__MiFish	048_Sternopygidae	249
ClaidentTutorial__Sample18__MiFish	051_Elassomatidae	244
ClaidentTutorial__Sample18__MiFish	053_Pegasidae	245
ClaidentTutorial__Sample18__MiFish	061_Monocentridae	247
ClaidentTutorial__Sample18__MiFish	067_Synbranchidae	248
ClaidentTutorial__Sample18__MiFish	068_Osphronemidae	243
ClaidentTutorial__Sample18__MiFish	072_unidentified_Cyprinoidei	242
ClaidentTutorial__Sample18__MiFish	081_Plotosidae	245
ClaidentTutorial__Sample18__MiFish	082_Psilorhynchidae	247
ClaidentTutorial__Sample18__MiFish	088_Molidae	248
ClaidentTutorial__Sample18__MiFish	090_Carangidae	248
ClaidentTutorial__Sample18__MiFish	093_unidentified_Teleostei	249
ClaidentTutorial__Sample18__MiFish	094_Osteoglossidae	248
ClaidentTutorial__Sample18__MiFish	099_Sisoridae	246
ClaidentTutorial__Sample18__MiFish	102_Nemichthyidae	246
ClaidentTutorial__Sample18__MiFish	105_Hiodontidae	248
ClaidentTutorial__Sample19__MiFish	001_Gobiidae	495
ClaidentTutorial__Sample19__MiFish	002_Clupeidae	247
ClaidentTutorial__Sample19__MiFish	004_Cyprinidae	486
ClaidentTutorial__Sample19__MiFish	005_Cobitidae	246
ClaidentTutorial__Sample19__MiFish	006_Congridae	246
ClaidentTutorial__Sample19__MiFish	007_Gastromyzontidae	246
ClaidentTutorial__Sample19__MiFish	008_Labridae	492
ClaidentTutorial__Sample19__MiFish	009_Danionidae	246
ClaidentTutorial__Sample19__MiFish	012_Bramidae	245
ClaidentTutorial__Sample19__MiFish	013_Apogonidae	247
ClaidentTutorial__Sample19__MiFish	015_Odontobutidae	245
ClaidentTutorial__Sample19__MiFish	016_Umbridae	495
ClaidentTutorial__Sample19__MiFish	018_Bothidae	740
ClaidentTutorial__Sample19__MiFish	025_Megalopidae	248
ClaidentTutorial__Sample19__MiFish	027_Nemipteridae	246
ClaidentTutorial__Sample19__MiFish	028_Aplocheilidae	243
ClaidentTutorial__Sample19__MiFish	029_Lutjanidae	247
ClaidentTutorial__Sample19__MiFish	032_Centrarchidae	248
ClaidentTutorial__Sample19__MiFish	034_Engraulidae	489
ClaidentTutorial__Sample19__MiFish	036_Scombridae	246
ClaidentTutorial__Sample19__MiFish	039_Percidae	249
ClaidentTutorial__Sample19__MiFish	040_Cepolidae	247
ClaidentTutorial__Sample19__MiFish	041_Mugilidae	248
ClaidentTutorial__Sample19__MiFish	042_Characidae	249
ClaidentTutorial__Sample19__MiFish	046_Myctophidae	247
ClaidentTutorial__Sample19__MiFish	048_Sternopygidae	247
ClaidentTutorial__Sample19__MiFish	051_Elassomatidae	248
ClaidentTutorial__Sample19__MiFish	053_Pegasidae	247
ClaidentTutorial__Sample19__MiFish	055_Pantodontidae	248
ClaidentTutorial__Sample19__MiFish	058_Kyphosidae	248
ClaidentTutorial__Sample19__MiFish	067_Synbranchidae	243
ClaidentTutorial__Sample19__MiFish	068_Osphronemidae	249
ClaidentTutorial__Sample19__MiFish	072_unidentified_Cyprinoidei	245
ClaidentTutorial__Sample19__MiFish	078_Goodeidae	246
ClaidentTutorial__Sample19__MiFish	081_Plotosidae	245
ClaidentTutorial__Sample19__MiFish	082_Psilorhynchidae	247
ClaidentTutorial__Sample19__MiFish	088_Molidae	244
ClaidentTutorial__Sample19__MiFish	090_Carangidae	248
ClaidentTutorial__Sample19__MiFish	092_Rhamphichthyidae	247
ClaidentTutorial__Sample19__MiFish	099_Sisoridae	247
ClaidentTutorial__Sample19__MiFish	102_Nemichthyidae	242
ClaidentTutorial__Sample19__MiFish	111_Percopsidae	247
ClaidentTutorial__Sample19__MiFish	122_Sillaginidae	247
ClaidentTutorial__Sample20__MiFish	001_Gobiidae	497
ClaidentTutorial__Sample20__MiFish	002_Clupeidae	492
ClaidentTutorial__Sample20__MiFish	004_Cyprinidae	738
ClaidentTutorial__Sample20__MiFish	005_Cobitidae	241
ClaidentTutorial__Sample20__MiFish	006_Congridae	249
ClaidentTutorial__Sample20__MiFish	007_Gastromyzontidae	246
ClaidentTutorial__Sample20__MiFish	008_Labridae	246
ClaidentTutorial__Sample20__MiFish	009_Danionidae	249
ClaidentTutorial__Sample20__MiFish	012_Bramidae	246
ClaidentTutorial__Sample20__MiFish	015_Odontobutidae	244
ClaidentTutorial__Sample20__MiFish	016_Umbridae	246
ClaidentTutorial__Sample20__MiFish	018_Bothidae	495
ClaidentTutorial__Sample20__MiFish	027_Nemipteridae	250
ClaidentTutorial__Sample20__MiFish	028_Aplocheilidae	249
ClaidentTutorial__Sample20__MiFish	029_Lutjanidae	241
ClaidentTutorial__Sample20__MiFish	032_Centrarchidae	245
ClaidentTutorial__Sample20__MiFish	034_Engraulidae	245
ClaidentTutorial__Sample20__MiFish	036_Scombridae	248
ClaidentTutorial__Sample20__MiFish	039_Percidae	246
ClaidentTutorial__Sample20__MiFish	040_Cepolidae	249
ClaidentTutorial__Sample20__MiFish	041_Mugilidae	249
ClaidentTutorial__Sample20__MiFish	046_Myctophidae	246
ClaidentTutorial__Sample20__MiFish	047_Ophidiidae	489
ClaidentTutorial__Sample20__MiFish	048_Sternopygidae	248
ClaidentTutorial__Sample20__MiFish	051_Elassomatidae	247
ClaidentTutorial__Sample20__MiFish	053_Pegasidae	241
ClaidentTutorial__Sample20__MiFish	058_Kyphosidae	246
ClaidentTutorial__Sample20__MiFish	065_Terapontidae	246
ClaidentTutorial__Sample20__MiFish	067_Synbranchidae	247
ClaidentTutorial__Sample20__MiFish	068_Osphronemidae	246
ClaidentTutorial__Sample20__MiFish	072_unidentified_Cyprinoidei	248
ClaidentTutorial__Sample20__MiFish	078_Goodeidae	244
ClaidentTutorial__Sample20__MiFish	081_Plotosidae	248
ClaidentTutorial__Sample20__MiFish	082_Psilorhynchidae	242
ClaidentTutorial__Sample20__MiFish	088_Molidae	236
ClaidentTutorial__Sample20__MiFish	090_Carangidae	245
ClaidentTutorial__Sample20__MiFish	092_Rhamphichthyidae	251
ClaidentTutorial__Sample20__MiFish	099_Sisoridae	242
ClaidentTutorial__Sample20__MiFish	111_Percopsidae	244
ClaidentTutorial__Sample20__MiFish	126_Synodontidae	246
ClaidentTutorial__Sample20__MiFish	127_Aracanidae	246
ClaidentTutorial__Sample20__MiFish	128_Girellidae	245
ClaidentTutorial__Sample20__MiFish	134_Pseudochromidae	242
ClaidentTutorial__Sample20__MiFish	135_Atherinopsidae	242
