query	superkingdom	kingdom	phylum	subphylum	superclass	class	subclass	infraclass	cohort	subcohort	superorder	order	suborder	superfamily	family	subfamily	tribe	genus	species
otu_001	Eukaryota	Metazoa	Chordata	Craniata	Actinopterygii	Actinopteri	Neopterygii	Teleostei	Euteleosteomorpha			Perciformes	Notothenioidei		Nototheniidae			Pagothenia	Pagothenia borchgrevinki
otu_002	Eukaryota	Metazoa	Chordata	Craniata	Actinopterygii	Actinopteri	Neopterygii	Teleostei				Osteoglossiformes							
otu_003																			
otu_004	Eukaryota	Metazoa	Chordata	Craniata	Actinopterygii	Actinopteri	Neopterygii	Teleostei	Euteleosteomorpha			Synbranchiformes	Synbranchoidei		Synbranchidae			Monopterus	Monopterus albus
otu_005	Eukaryota	Metazoa	Chordata	Craniata	Actinopterygii	Actinopteri	Neopterygii	Teleostei	Euteleosteomorpha			Carangiformes			Carangidae			Elagatis	Elagatis bipinnulata
otu_006	Eukaryota	Metazoa	Chordata	Craniata	Actinopterygii	Actinopteri	Neopterygii	Teleostei	Euteleosteomorpha			Carangiformes			Echeneidae			Echeneis	
otu_007																			
otu_008	Eukaryota	Metazoa	Chordata	Craniata	Actinopterygii	Actinopteri	Neopterygii	Teleostei	Euteleosteomorpha			Syngnathiformes	Callionymoidei		Callionymidae				
otu_009																			
otu_010	Eukaryota	Metazoa	Chordata	Craniata	Actinopterygii	Actinopteri	Neopterygii	Teleostei	Euteleosteomorpha		Atherinomorphae	Cyprinodontiformes	Cyprinodontoidei		Fundulidae			Fundulus	Fundulus diaphanus
otu_011	Eukaryota	Metazoa	Chordata	Craniata	Actinopterygii	Actinopteri	Neopterygii	Teleostei	Euteleosteomorpha			Acropomatiformes			Bathyclupeidae			Bathyclupea	
otu_012																			
otu_013	Eukaryota	Metazoa	Chordata	Craniata	Actinopterygii	Actinopteri	Neopterygii	Teleostei				Osteoglossiformes							
otu_014	Eukaryota	Metazoa	Chordata	Craniata	Actinopterygii	Actinopteri	Neopterygii	Teleostei	Euteleosteomorpha						Scatophagidae			Scatophagus	Scatophagus argus
otu_015																			
otu_016	Eukaryota	Metazoa	Chordata	Craniata	Actinopterygii	Actinopteri	Neopterygii	Teleostei				Osteoglossiformes			Mormyridae			Petrocephalus	
otu_017	Eukaryota	Metazoa	Chordata	Craniata	Actinopterygii	Actinopteri	Neopterygii	Teleostei	Euteleosteomorpha			Perciformes	Serranoidei		Serranidae	Epinephelinae	Epinephelini	Anyperodon	Anyperodon leucogrammicus
otu_018	Eukaryota	Metazoa	Chordata	Craniata	Actinopterygii	Actinopteri	Neopterygii	Teleostei	Euteleosteomorpha			Anabantiformes	Channoidei		Channidae			Channa	
otu_019	Eukaryota	Metazoa	Chordata	Craniata	Actinopterygii	Actinopteri	Neopterygii	Teleostei	Euteleosteomorpha			Beryciformes			Melamphaidae			Poromitra	Poromitra oscitans
otu_020	Eukaryota	Metazoa	Chordata	Craniata	Actinopterygii	Actinopteri	Neopterygii	Teleostei	Euteleosteomorpha			Perciformes	Scorpaenoidei		Sebastidae	Sebastinae		Helicolenus	
otu_021	Eukaryota	Metazoa	Chordata	Craniata	Actinopterygii	Actinopteri	Neopterygii	Teleostei	Euteleosteomorpha						Callanthiidae			Callanthias	Callanthias japonicus
otu_022																			
otu_023																			
otu_024																			
otu_025	Eukaryota	Metazoa	Chordata	Craniata	Actinopterygii	Actinopteri	Neopterygii	Teleostei	Euteleosteomorpha			Stomiiformes			Stomiidae				
otu_026	Eukaryota	Metazoa	Chordata	Craniata	Actinopterygii	Actinopteri	Neopterygii	Teleostei	Euteleosteomorpha		Atherinomorphae	Atheriniformes			Melanotaeniidae				
otu_027	Eukaryota	Metazoa	Chordata	Craniata	Actinopterygii	Actinopteri	Neopterygii	Teleostei	Euteleosteomorpha			Tetraodontiformes		Balistoidea	Monacanthidae			Pseudalutarius	Pseudalutarius nasicornis
otu_028																			
otu_029	Eukaryota	Metazoa	Chordata	Craniata	Actinopterygii	Actinopteri	Neopterygii	Teleostei	Euteleosteomorpha						Sciaenidae			Johnius	
otu_030																			
otu_031	Eukaryota	Metazoa	Chordata	Craniata	Actinopterygii	Actinopteri	Neopterygii	Teleostei	Euteleosteomorpha		Atherinomorphae	Beloniformes	Belonoidei		Zenarchopteridae			Dermogenys	Dermogenys pusilla
otu_032	Eukaryota	Metazoa	Chordata	Craniata	Actinopterygii	Actinopteri	Neopterygii	Teleostei	Euteleosteomorpha						Centropomidae			Lates	Lates calcarifer
otu_033	Eukaryota	Metazoa	Chordata	Craniata	Actinopterygii	Actinopteri	Neopterygii	Teleostei	Euteleosteomorpha			Gobiiformes	Gobioidei		Gobiidae	Gobiinae		Glossogobius	
otu_034	Eukaryota	Metazoa	Chordata	Craniata	Actinopterygii	Actinopteri	Neopterygii	Teleostei	Otomorpha	Ostariophysi	Cypriniphysae	Cypriniformes	Cyprinoidei		Xenocyprididae				
otu_035	Eukaryota	Metazoa	Chordata	Craniata	Actinopterygii	Actinopteri	Neopterygii	Teleostei	Otomorpha	Ostariophysi	Characiphysae	Siluriformes	Siluroidei		Malapteruridae			Malapterurus	Malapterurus electricus
otu_036	Eukaryota	Metazoa	Chordata	Craniata	Actinopterygii	Actinopteri	Neopterygii	Teleostei	Euteleosteomorpha			Anabantiformes	Nandoidei		Pristolepididae			Pristolepis	
otu_037																			
otu_038	Eukaryota	Metazoa	Chordata	Craniata	Actinopterygii	Actinopteri	Neopterygii	Teleostei	Euteleosteomorpha			Acropomatiformes			Acropomatidae				
otu_039	Eukaryota	Metazoa	Chordata	Craniata	Actinopterygii	Actinopteri	Neopterygii	Teleostei	Otomorpha	Ostariophysi	Cypriniphysae	Cypriniformes	Catostomoidei		Catostomidae			Minytrema	Minytrema melanops
otu_040	Eukaryota	Metazoa	Chordata	Craniata	Actinopterygii	Actinopteri	Neopterygii	Teleostei	Euteleosteomorpha			Salmoniformes			Salmonidae	Salmoninae		Brachymystax	
otu_041																			
otu_042																			
otu_043	Eukaryota	Metazoa	Chordata	Craniata	Actinopterygii	Actinopteri	Neopterygii	Teleostei	Euteleosteomorpha			Perciformes	Serranoidei		Serranidae	Epinephelinae	Epinephelini	Plectropomus	Plectropomus areolatus
otu_044	Eukaryota	Metazoa	Chordata	Craniata	Actinopterygii	Actinopteri	Neopterygii	Teleostei	Otomorpha	Ostariophysi	Characiphysae	Siluriformes	Siluroidei		Pimelodidae			Pimelodus	Pimelodus pictus
otu_045	Eukaryota	Metazoa	Chordata	Craniata	Actinopterygii	Actinopteri	Neopterygii	Teleostei	Euteleosteomorpha			Beryciformes			Berycidae			Beryx	Beryx decadactylus
otu_046	Eukaryota	Metazoa	Chordata	Craniata	Actinopterygii	Actinopteri	Neopterygii	Teleostei	Euteleosteomorpha			Perciformes	Serranoidei		Serranidae	Epinephelinae	Epinephelini	Cephalopholis	Cephalopholis argus
otu_047																			
otu_048																			
otu_049																			
otu_050	Eukaryota	Metazoa	Chordata	Craniata	Actinopterygii	Actinopteri	Neopterygii	Teleostei	Euteleosteomorpha										
otu_051	Eukaryota	Metazoa	Chordata	Craniata	Actinopterygii	Actinopteri	Neopterygii	Teleostei	Otomorpha	Ostariophysi	Cypriniphysae	Cypriniformes	Cyprinoidei		Acheilognathidae			Tanakia	Tanakia tanago
otu_052	Eukaryota	Metazoa	Chordata	Craniata	Actinopterygii	Actinopteri	Neopterygii	Teleostei	Euteleosteomorpha						Emmelichthyidae			Emmelichthys	Emmelichthys struhsakeri
otu_053	Eukaryota	Metazoa	Chordata	Craniata	Actinopterygii	Actinopteri	Neopterygii	Teleostei	Euteleosteomorpha			Acanthuriformes			Acanthuridae	Nasinae		Naso	
otu_054	Eukaryota	Metazoa	Chordata	Craniata	Actinopterygii	Actinopteri	Neopterygii	Teleostei	Euteleosteomorpha			Acropomatiformes			Lateolabracidae			Lateolabrax	Lateolabrax latus
otu_055	Eukaryota	Metazoa	Chordata	Craniata	Actinopterygii	Actinopteri	Neopterygii	Teleostei				Anguilliformes			Chlopsidae			Kaupichthys	Kaupichthys hyoproroides
otu_056	Eukaryota	Metazoa	Chordata	Craniata	Actinopterygii	Actinopteri	Neopterygii	Teleostei	Euteleosteomorpha			Pleuronectiformes	Pleuronectoidei		Samaridae			Samaris	
otu_057																			
otu_058	Eukaryota	Metazoa	Chordata	Craniata	Actinopterygii	Actinopteri	Neopterygii	Teleostei	Euteleosteomorpha			Anabantiformes	Anabantoidei		Osphronemidae	Macropodinae		Macropodus	
otu_059	Eukaryota	Metazoa	Chordata	Craniata	Actinopterygii	Actinopteri	Neopterygii	Teleostei	Euteleosteomorpha			Synbranchiformes	Mastacembeloidei		Mastacembelidae			Macrognathus	Macrognathus pancalus
otu_060	Eukaryota	Metazoa	Chordata	Craniata	Actinopterygii	Actinopteri	Neopterygii	Teleostei	Otomorpha	Ostariophysi	Characiphysae	Characiformes	Characoidei		Lebiasinidae	Lebiasininae		Lebiasina	
otu_061	Eukaryota	Metazoa	Chordata	Craniata	Actinopterygii	Actinopteri	Neopterygii	Teleostei	Euteleosteomorpha			Polymixiiformes			Polymixiidae			Polymixia	Polymixia japonica
otu_062																			
otu_063	Eukaryota	Metazoa	Chordata	Craniata	Actinopterygii	Actinopteri	Neopterygii	Teleostei	Euteleosteomorpha			Gobiiformes	Gobioidei		Gobiidae	Gobiinae		Glossogobius	
otu_064	Eukaryota	Metazoa	Chordata	Craniata	Actinopterygii	Actinopteri	Neopterygii	Teleostei				Osteoglossiformes			Mormyridae				
otu_065	Eukaryota	Metazoa	Chordata	Craniata	Actinopterygii	Actinopteri	Neopterygii	Teleostei	Otomorpha	Ostariophysi	Characiphysae	Characiformes	Characoidei		Bryconidae	Salmininae		Salminus	
otu_066	Eukaryota	Metazoa	Chordata	Craniata	Actinopterygii	Actinopteri	Neopterygii	Teleostei	Euteleosteomorpha		Atherinomorphae	Beloniformes	Adrianichthyoidei		Adrianichthyidae	Oryziinae		Oryzias	
otu_067	Eukaryota	Metazoa	Chordata	Craniata	Actinopterygii	Actinopteri	Neopterygii	Teleostei	Euteleosteomorpha						Ambassidae			Ambassis	
otu_068																			
otu_069	Eukaryota	Metazoa	Chordata	Craniata	Actinopterygii	Actinopteri	Neopterygii	Teleostei	Otomorpha	Ostariophysi	Characiphysae	Siluriformes	Siluroidei						
otu_070	Eukaryota	Metazoa	Chordata	Craniata	Actinopterygii	Actinopteri	Neopterygii	Teleostei	Euteleosteomorpha			Zeiformes			Zeidae			Zeus	Zeus faber
otu_071																			
otu_072	Eukaryota	Metazoa	Chordata	Craniata	Actinopterygii	Actinopteri	Neopterygii	Teleostei				Anguilliformes							
otu_073	Eukaryota	Metazoa	Chordata	Craniata	Actinopterygii	Actinopteri	Neopterygii	Teleostei	Euteleosteomorpha			Tetraodontiformes		Ostracioidei	Aracanidae				
otu_074	Eukaryota	Metazoa	Chordata	Craniata	Actinopterygii	Actinopteri	Neopterygii	Teleostei	Euteleosteomorpha			Pleuronectiformes	Pleuronectoidei		Cynoglossidae	Symphurinae		Symphurus	Symphurus orientalis
otu_075	Eukaryota	Metazoa	Chordata	Craniata	Actinopterygii	Actinopteri	Neopterygii	Teleostei	Euteleosteomorpha			Pleuronectiformes	Pleuronectoidei		Soleidae			Brachirus	Brachirus orientalis
otu_076	Eukaryota	Metazoa	Chordata	Craniata	Actinopterygii	Actinopteri	Neopterygii	Teleostei	Euteleosteomorpha			Pleuronectiformes	Pleuronectoidei		Cyclopsettidae			Cyclopsetta	
otu_077	Eukaryota	Metazoa	Chordata	Craniata	Actinopterygii	Actinopteri	Neopterygii	Teleostei	Otomorpha	Ostariophysi	Characiphysae	Siluriformes	Diplomystoidei		Diplomystidae			Diplomystes	
otu_078	Eukaryota	Metazoa	Chordata	Craniata	Actinopterygii	Actinopteri	Neopterygii	Teleostei	Euteleosteomorpha						Siganidae			Siganus	
otu_079																			
otu_080	Eukaryota	Metazoa	Chordata	Craniata	Actinopterygii	Actinopteri	Neopterygii	Teleostei	Euteleosteomorpha			Mugiliformes			Mugilidae			Mugil	Mugil curema
otu_081	Eukaryota	Metazoa	Chordata	Craniata	Actinopterygii	Actinopteri	Neopterygii	Teleostei	Euteleosteomorpha			Gobiiformes	Trichonotoidei		Trichonotidae			Trichonotus	Trichonotus elegans
otu_082	Eukaryota	Metazoa	Chordata	Craniata	Actinopterygii	Actinopteri	Neopterygii	Teleostei	Euteleosteomorpha			Gerreiformes			Gerreidae			Gerres	
otu_083	Eukaryota	Metazoa	Chordata	Craniata	Actinopterygii	Actinopteri	Neopterygii	Teleostei	Euteleosteomorpha						Pomacanthidae			Genicanthus	
otu_084																			
otu_085	Eukaryota	Metazoa	Chordata	Craniata	Actinopterygii	Actinopteri	Neopterygii	Teleostei	Euteleosteomorpha			Perciformes	Serranoidei		Serranidae	Epinephelinae	Epinephelini	Epinephelus	Epinephelus areolatus
otu_086																			
otu_087	Eukaryota	Metazoa	Chordata	Craniata	Actinopterygii	Actinopteri	Neopterygii	Teleostei	Euteleosteomorpha			Batrachoidiformes			Batrachoididae	Porichthyinae		Porichthys	
otu_088																			
otu_089																			
otu_090																			
otu_091	Eukaryota	Metazoa	Chordata	Craniata	Actinopterygii	Actinopteri	Neopterygii	Teleostei	Euteleosteomorpha			Labriformes			Labridae			Pseudolabrus	Pseudolabrus eoethinus
otu_092	Eukaryota	Metazoa	Chordata	Craniata	Actinopterygii	Actinopteri	Neopterygii	Teleostei	Otomorpha	Ostariophysi	Cypriniphysae	Cypriniformes	Cyprinoidei		Acheilognathidae			Rhodeus	Rhodeus uyekii
otu_093	Eukaryota	Metazoa	Chordata	Craniata	Actinopterygii	Actinopteri	Neopterygii	Teleostei	Euteleosteomorpha		Cichlomorphae	Cichliformes			Cichlidae	Cichlasomatinae	Heroini	Symphysodon	
otu_094																			
otu_095																			
otu_096	Eukaryota	Metazoa	Chordata	Craniata	Actinopterygii	Actinopteri	Neopterygii	Teleostei	Euteleosteomorpha			Gobiiformes	Eleotroidei		Eleotridae	Eleotrinae		Eleotris	Eleotris oxycephala
otu_097	Eukaryota	Metazoa	Chordata	Craniata	Actinopterygii	Actinopteri	Neopterygii	Teleostei	Euteleosteomorpha			Perciformes	Serranoidei		Serranidae	Epinephelinae	Epinephelini	Cromileptes	Cromileptes altivelis
otu_098	Eukaryota	Metazoa	Chordata	Craniata	Actinopterygii	Actinopteri	Neopterygii	Teleostei	Euteleosteomorpha						Moronidae			Dicentrarchus	Dicentrarchus labrax
otu_099	Eukaryota	Metazoa	Chordata	Craniata	Actinopterygii	Actinopteri	Neopterygii	Teleostei	Euteleosteomorpha			Myctophiformes			Myctophidae				
otu_100	Eukaryota	Metazoa	Chordata	Craniata	Actinopterygii	Actinopteri	Neopterygii	Teleostei	Otomorpha	Clupei		Clupeiformes	Clupeoidei		Clupeidae	Pellonulinae			
otu_101	Eukaryota	Metazoa	Chordata	Craniata	Actinopterygii	Actinopteri	Neopterygii	Teleostei	Euteleosteomorpha			Aulopiformes	Aulopoidei		Synodontidae	Synodontinae		Synodus	
otu_102	Eukaryota	Metazoa	Chordata	Craniata	Actinopterygii	Cladistia						Polypteriformes			Polypteridae			Polypterus	Polypterus retropinnis
otu_103	Eukaryota	Metazoa	Chordata	Craniata	Actinopterygii	Actinopteri	Neopterygii	Teleostei	Euteleosteomorpha			Carangiformes			Carangidae			Selar	Selar crumenophthalmus
otu_104																			
otu_105	Eukaryota	Metazoa	Chordata	Craniata	Actinopterygii	Actinopteri	Neopterygii	Teleostei	Euteleosteomorpha			Syngnathiformes	Mulloidea		Mullidae			Mulloidichthys	
otu_106	Eukaryota	Metazoa	Chordata	Craniata	Actinopterygii	Actinopteri	Neopterygii	Teleostei	Euteleosteomorpha			Pleuronectiformes	Pleuronectoidei		Soleidae			Pseudaesopia	Pseudaesopia japonica
otu_107	Eukaryota	Metazoa	Chordata	Craniata	Actinopterygii	Actinopteri	Neopterygii	Teleostei	Euteleosteomorpha			Centrarchiformes		Centrarchoidei	Sinipercidae			Coreoperca	Coreoperca kawamebari
otu_108	Eukaryota	Metazoa	Chordata	Craniata	Actinopterygii	Actinopteri	Neopterygii	Teleostei	Otomorpha	Ostariophysi	Characiphysae	Siluriformes	Loricarioidei		Callichthyidae				
otu_109	Eukaryota	Metazoa	Chordata	Craniata	Actinopterygii	Actinopteri	Neopterygii	Teleostei				Anguilliformes			Ophichthidae	Ophichthinae		Ophisurus	Ophisurus macrorhynchos
otu_110	Eukaryota	Metazoa	Chordata	Craniata	Actinopterygii	Actinopteri	Neopterygii	Teleostei	Euteleosteomorpha		Atherinomorphae	Cyprinodontiformes	Cyprinodontoidei		Poeciliidae	Poeciliinae		Poecilia	
otu_111	Eukaryota	Metazoa	Chordata	Craniata	Actinopterygii	Actinopteri	Neopterygii	Teleostei	Euteleosteomorpha			Pleuronectiformes	Pleuronectoidei		Cynoglossidae	Cynoglossinae		Cynoglossus	Cynoglossus puncticeps
otu_112	Eukaryota	Metazoa	Chordata	Craniata	Actinopterygii	Actinopteri	Neopterygii	Teleostei				Albuliformes			Albulidae	Pterothrissinae		Pterothrissus	Pterothrissus gissu
otu_113	Eukaryota	Metazoa	Chordata	Craniata	Actinopterygii	Actinopteri	Neopterygii	Teleostei	Otomorpha	Ostariophysi	Cypriniphysae	Cypriniformes	Cyprinoidei		Cyprinidae	Smiliogastrinae		Oreichthys	Oreichthys crenuchoides
otu_114	Eukaryota	Metazoa	Chordata	Craniata	Actinopterygii	Actinopteri	Neopterygii	Teleostei	Otomorpha	Ostariophysi	Characiphysae	Siluriformes	Loricarioidei		Loricariidae	Hypoptopomatinae			
otu_115																			
otu_116	Eukaryota	Metazoa	Chordata	Craniata	Actinopterygii	Actinopteri	Neopterygii	Teleostei	Euteleosteomorpha			Holocentriformes			Holocentridae	Holocentrinae		Sargocentron	
otu_117																			
otu_118	Eukaryota	Metazoa	Chordata	Craniata	Actinopterygii	Actinopteri	Neopterygii	Teleostei	Euteleosteomorpha			Pleuronectiformes	Pleuronectoidei		Bothidae			Chascanopsetta	
otu_119																			
otu_120	Eukaryota	Metazoa	Chordata	Craniata	Actinopterygii	Actinopteri	Neopterygii	Teleostei	Euteleosteomorpha			Lampriformes			Trachipteridae			Zu	Zu cristatus
otu_121																			
otu_122																			
otu_123	Eukaryota	Metazoa	Chordata	Craniata	Actinopterygii	Actinopteri	Neopterygii	Teleostei	Euteleosteomorpha			Perciformes	Serranoidei		Serranidae	Epinephelinae	Epinephelini	Variola	Variola albimarginata
otu_124	Eukaryota	Metazoa	Chordata	Craniata	Actinopterygii	Actinopteri	Neopterygii	Teleostei	Euteleosteomorpha			Tetraodontiformes	Tetraodontoidei	Tetradontoidea	Tetraodontidae			Canthigaster	
otu_125																			
otu_126																			
otu_127																			
otu_128	Eukaryota	Metazoa	Chordata	Craniata	Actinopterygii	Actinopteri	Neopterygii	Teleostei	Euteleosteomorpha			Scombriformes			Scombridae	Scombrinae	Scombrini	Rastrelliger	Rastrelliger brachysoma
otu_129																			
otu_130	Eukaryota	Metazoa	Chordata	Craniata	Actinopterygii	Actinopteri	Neopterygii	Teleostei	Otomorpha	Ostariophysi	Characiphysae	Characiformes	Characoidei		Characidae				
otu_131	Eukaryota	Metazoa	Chordata	Craniata	Actinopterygii	Actinopteri	Neopterygii	Teleostei	Euteleosteomorpha			Lutjaniformes			Haemulidae			Parapristipoma	Parapristipoma trilineatum
otu_132	Eukaryota	Metazoa	Chordata	Craniata	Actinopterygii	Actinopteri	Neopterygii	Teleostei				Anguilliformes			Synaphobranchidae				
otu_133	Eukaryota	Metazoa	Chordata	Craniata	Actinopterygii	Actinopteri	Neopterygii	Teleostei	Euteleosteomorpha			Gadiformes	Macrouroidei		Macrouridae	Bathygadinae		Bathygadus	
otu_134																			
otu_135	Eukaryota	Metazoa	Chordata	Craniata	Actinopterygii	Actinopteri	Neopterygii	Teleostei	Euteleosteomorpha						Sillaginidae			Sillago	
otu_136	Eukaryota	Metazoa	Chordata	Craniata	Actinopterygii	Actinopteri	Neopterygii	Teleostei	Otomorpha	Clupei		Clupeiformes	Clupeoidei		Clupeidae	Clupeinae		Sardinella	Sardinella longiceps
otu_137	Eukaryota	Metazoa	Chordata	Craniata	Actinopterygii	Actinopteri	Neopterygii	Teleostei	Otomorpha	Ostariophysi	Cypriniphysae	Cypriniformes	Cyprinoidei		Acheilognathidae			Rhodeus	
otu_138	Eukaryota	Metazoa	Chordata	Craniata	Actinopterygii	Actinopteri	Neopterygii	Teleostei	Euteleosteomorpha			Spariformes			Sparidae				
otu_139	Eukaryota	Metazoa	Chordata	Craniata	Actinopterygii	Actinopteri	Neopterygii	Teleostei	Euteleosteomorpha			Percopsiformes	Percopsoidei		Percopsidae			Percopsis	Percopsis transmontana
otu_140	Eukaryota	Metazoa	Chordata	Craniata	Actinopterygii	Actinopteri	Neopterygii	Teleostei	Euteleosteomorpha						Sciaenidae			Johnius	
otu_141																			
otu_142	Eukaryota	Metazoa	Chordata	Craniata	Actinopterygii	Actinopteri	Neopterygii	Teleostei	Euteleosteomorpha			Zeiformes			Parazenidae	Parazeninae		Parazen	Parazen pacificus
otu_143	Eukaryota	Metazoa	Chordata	Craniata	Actinopterygii	Actinopteri	Neopterygii	Teleostei	Euteleosteomorpha			Blenniiformes	Blennioidei		Blenniidae	Salariinae		Salarias	Salarias fasciatus
otu_144	Eukaryota	Metazoa	Chordata	Craniata	Actinopterygii	Actinopteri	Chondrostei					Acipenseriformes	Acipenseroidei		Acipenseridae	Acipenserinae	Acipenserini	Acipenser	
otu_145	Eukaryota	Metazoa	Chordata	Craniata	Actinopterygii	Actinopteri	Neopterygii	Teleostei	Euteleosteomorpha			Centrarchiformes		Centrarchoidei	Centrarchidae			Micropterus	Micropterus dolomieu
otu_146	Eukaryota	Metazoa	Chordata	Craniata	Actinopterygii	Actinopteri	Neopterygii	Teleostei	Euteleosteomorpha			Pleuronectiformes	Pleuronectoidei		Cynoglossidae	Cynoglossinae		Cynoglossus	Cynoglossus quadrilineatus
otu_147	Eukaryota	Metazoa	Chordata	Craniata	Actinopterygii	Actinopteri	Neopterygii	Teleostei	Euteleosteomorpha						Sphyraenidae			Sphyraena	
otu_148																			
otu_149	Eukaryota	Metazoa	Chordata	Craniata	Actinopterygii	Actinopteri	Neopterygii	Teleostei	Euteleosteomorpha						Pseudochromidae	Pseudochrominae		Labracinus	
otu_150	Eukaryota	Metazoa	Chordata	Craniata	Actinopterygii	Actinopteri	Neopterygii	Teleostei	Euteleosteomorpha			Tetraodontiformes	Tetraodontoidei	Tetradontoidea	Tetraodontidae			Chelonodontops	Chelonodontops patoca
otu_151	Eukaryota	Metazoa	Chordata	Craniata	Actinopterygii	Actinopteri	Neopterygii	Teleostei	Euteleosteomorpha			Lutjaniformes			Lutjanidae	Etelinae		Pristipomoides	Pristipomoides multidens
otu_152																			
otu_153	Eukaryota	Metazoa	Chordata	Craniata	Actinopterygii	Actinopteri	Neopterygii	Teleostei	Euteleosteomorpha			Pleuronectiformes	Pleuronectoidei		Paralichthyidae			Paralichthys	Paralichthys dentatus
otu_154	Eukaryota	Metazoa	Chordata	Craniata	Actinopterygii	Actinopteri	Neopterygii	Teleostei	Euteleosteomorpha			Blenniiformes	Blennioidei		Blenniidae	Blenniinae		Petroscirtes	Petroscirtes breviceps
otu_155	Eukaryota	Metazoa	Chordata	Craniata	Actinopterygii	Actinopteri	Neopterygii	Teleostei	Euteleosteomorpha			Zeiformes			Oreosomatidae				
otu_156																			
otu_157	Eukaryota	Metazoa	Chordata	Craniata	Actinopterygii	Actinopteri	Neopterygii	Teleostei	Euteleosteomorpha						Sciaenidae			Otolithes	Otolithes ruber
otu_158	Eukaryota	Metazoa	Chordata	Craniata	Actinopterygii	Actinopteri	Neopterygii	Teleostei	Euteleosteomorpha			Perciformes	Serranoidei		Serranidae	Serraninae		Hypoplectrus	
otu_159	Eukaryota	Metazoa	Chordata	Craniata	Actinopterygii	Actinopteri	Neopterygii	Teleostei	Euteleosteomorpha			Uranoscopiformes			Uranoscopidae			Uranoscopus	Uranoscopus cognatus
otu_160	Eukaryota	Metazoa	Chordata	Craniata	Actinopterygii	Actinopteri	Neopterygii	Teleostei	Otomorpha	Ostariophysi	Cypriniphysae	Cypriniformes	Cyprinoidei		Xenocyprididae	Xenocypridinae			
otu_161	Eukaryota	Metazoa	Chordata	Craniata	Actinopterygii	Actinopteri	Neopterygii	Teleostei	Euteleosteomorpha			Gobiiformes	Gobioidei		Gobiidae	Gobionellinae		Mugilogobius	Mugilogobius chulae
otu_162																			
otu_163																			
otu_164	Eukaryota	Metazoa	Chordata	Craniata	Actinopterygii	Actinopteri	Neopterygii	Teleostei	Euteleosteomorpha			Osmeriformes			Osmeridae	Hypomesinae		Hypomesus	
otu_165																			
otu_166	Eukaryota	Metazoa	Chordata	Craniata	Actinopterygii	Actinopteri	Neopterygii	Teleostei	Euteleosteomorpha			Centrarchiformes		Terapontoidei	Girellidae			Girella	Girella punctata
otu_167																			
otu_168	Eukaryota	Metazoa	Chordata	Craniata	Actinopterygii	Actinopteri	Neopterygii	Teleostei	Euteleosteomorpha			Anabantiformes	Anabantoidei		Osphronemidae	Luciocephalinae		Trichopodus	
otu_169	Eukaryota	Metazoa	Chordata	Craniata	Actinopterygii	Actinopteri	Neopterygii	Teleostei	Euteleosteomorpha		Atherinomorphae	Atheriniformes			Atherinopsidae	Menidiinae		Menidia	Menidia menidia
otu_170	Eukaryota	Metazoa	Chordata	Craniata	Actinopterygii	Actinopteri	Neopterygii	Teleostei	Euteleosteomorpha		Cichlomorphae	Cichliformes			Cichlidae	Astronotinae	Chaetobranchini	Chaetobranchopsis	
otu_171	Eukaryota	Metazoa	Chordata	Craniata	Actinopterygii	Actinopteri	Neopterygii	Teleostei	Otomorpha	Ostariophysi	Cypriniphysae	Cypriniformes	Cyprinoidei		Cyprinidae	Smiliogastrinae		Osteobrama	Osteobrama belangeri
otu_172																			
otu_173	Eukaryota	Metazoa	Chordata	Craniata	Actinopterygii	Actinopteri	Neopterygii	Teleostei	Otomorpha	Ostariophysi	Characiphysae	Siluriformes	Siluroidei		Ictaluridae			Ictalurus	Ictalurus furcatus
otu_174	Eukaryota	Metazoa	Chordata	Craniata	Actinopterygii	Actinopteri	Neopterygii	Teleostei	Otomorpha	Ostariophysi	Cypriniphysae	Cypriniformes	Cyprinoidei		Acheilognathidae			Acheilognathus	
otu_175	Eukaryota	Metazoa	Chordata	Craniata	Actinopterygii	Actinopteri	Neopterygii	Teleostei	Euteleosteomorpha			Priacanthiformes			Priacanthidae			Priacanthus	
otu_176	Eukaryota	Metazoa	Chordata	Craniata	Actinopterygii	Actinopteri	Neopterygii	Teleostei	Euteleosteomorpha			Centrarchiformes		Percichthyoidei	Percichthyidae			Gadopsis	Gadopsis bispinosus
otu_177	Eukaryota	Metazoa	Chordata	Craniata	Actinopterygii	Actinopteri	Neopterygii	Teleostei	Euteleosteomorpha			Acropomatiformes			Champsodontidae			Champsodon	
otu_178	Eukaryota	Metazoa	Chordata	Craniata	Actinopterygii	Actinopteri	Neopterygii	Teleostei	Euteleosteomorpha			Gobiiformes	Gobioidei		Gobiidae	Gobionellinae		Tridentiger	Tridentiger barbatus
otu_179	Eukaryota	Metazoa	Chordata	Craniata	Actinopterygii	Actinopteri	Neopterygii	Teleostei	Euteleosteomorpha			Anabantiformes	Channoidei		Channidae			Channa	
otu_180	Eukaryota	Metazoa	Chordata	Craniata	Actinopterygii	Actinopteri	Neopterygii	Teleostei	Euteleosteomorpha			Pleuronectiformes	Pleuronectoidei		Citharidae			Lepidoblepharon	Lepidoblepharon ophthalmolepis
otu_181	Eukaryota	Metazoa	Chordata	Craniata	Actinopterygii	Actinopteri	Neopterygii	Teleostei	Euteleosteomorpha			Anabantiformes	Anabantoidei		Anabantidae			Anabas	Anabas testudineus
otu_182																			
otu_183	Eukaryota	Metazoa	Chordata	Craniata	Actinopterygii	Actinopteri	Neopterygii	Teleostei	Euteleosteomorpha			Scombriformes			Bramidae			Eumegistus	Eumegistus illustris
otu_184																			
otu_185																			
otu_186	Eukaryota	Metazoa	Chordata	Craniata	Actinopterygii	Actinopteri	Neopterygii	Holostei				Semionotiformes			Lepisosteidae			Atractosteus	Atractosteus spatula
otu_187																			
otu_188	Eukaryota	Metazoa	Chordata	Craniata	Actinopterygii	Actinopteri	Neopterygii	Teleostei	Euteleosteomorpha			Anabantiformes	Anabantoidei		Osphronemidae	Luciocephalinae		Trichogaster	Trichogaster fasciata
otu_189	Eukaryota	Metazoa	Chordata	Craniata	Actinopterygii	Actinopteri	Neopterygii	Teleostei	Otomorpha	Ostariophysi	Characiphysae	Characiformes	Characoidei		Characidae	Pristellinae		Hemigrammus	Hemigrammus bleheri
otu_190	Eukaryota	Metazoa	Chordata	Craniata	Actinopterygii	Actinopteri	Neopterygii	Teleostei	Euteleosteomorpha			Tetraodontiformes	Tetraodontoidei	Tetradontoidea	Tetraodontidae				
otu_191	Eukaryota	Metazoa	Chordata	Craniata	Actinopterygii	Actinopteri	Neopterygii	Teleostei	Euteleosteomorpha		Ateleopodia	Ateleopodiformes			Ateleopodidae			Ateleopus	Ateleopus japonicus
otu_192	Eukaryota	Metazoa	Chordata	Craniata	Actinopterygii	Actinopteri	Neopterygii	Teleostei	Euteleosteomorpha			Centrarchiformes		Terapontoidei	Kyphosidae	Kyphosinae		Kyphosus	
otu_193	Eukaryota	Metazoa	Chordata	Craniata	Actinopterygii	Actinopteri	Neopterygii	Teleostei	Otomorpha	Ostariophysi	Cypriniphysae	Cypriniformes	Cobitoidei		Cobitidae	Cobitinae			
otu_194																			
otu_195	Eukaryota	Metazoa	Chordata	Craniata	Actinopterygii	Actinopteri	Neopterygii	Teleostei	Otomorpha	Ostariophysi	Cypriniphysae	Cypriniformes	Cobitoidei		Botiidae			Syncrossus	
otu_196																			
otu_197	Eukaryota	Metazoa	Chordata	Craniata	Actinopterygii	Actinopteri	Neopterygii	Teleostei				Anguilliformes			Muraenesocidae			Muraenesox	Muraenesox bagio
otu_198	Eukaryota	Metazoa	Chordata	Craniata	Actinopterygii	Actinopteri	Neopterygii	Teleostei	Euteleosteomorpha			Tetraodontiformes		Balistoidea	Balistidae			Sufflamen	Sufflamen fraenatum
otu_199	Eukaryota	Metazoa	Chordata	Craniata	Actinopterygii	Actinopteri	Neopterygii	Teleostei	Otomorpha	Ostariophysi	Characiphysae	Siluriformes	Siluroidei		Sisoridae	Glyptosterninae			
otu_200	Eukaryota	Metazoa	Chordata	Craniata	Actinopterygii	Actinopteri	Neopterygii	Teleostei	Otomorpha	Ostariophysi	Cypriniphysae	Cypriniformes	Cobitoidei		Gastromyzontidae				
otu_201	Eukaryota	Metazoa	Chordata	Craniata	Actinopterygii	Actinopteri	Neopterygii	Teleostei	Euteleosteomorpha			Gobiiformes	Gobioidei		Gobiidae	Gobionellinae		Redigobius	Redigobius bikolanus
otu_202	Eukaryota	Metazoa	Chordata	Craniata	Actinopterygii	Actinopteri	Neopterygii	Teleostei	Otomorpha	Ostariophysi	Cypriniphysae	Cypriniformes	Cyprinoidei		Danionidae	Chedrinae		Cabdio	
otu_203	Eukaryota	Metazoa	Chordata	Craniata	Actinopterygii	Actinopteri	Neopterygii	Teleostei	Euteleosteomorpha			Syngnathiformes	Syngnathoidei		Syngnathidae	Syngnathinae		Phycodurus	Phycodurus eques
otu_204	Eukaryota	Metazoa	Chordata	Craniata	Actinopterygii	Actinopteri	Neopterygii	Teleostei	Euteleosteomorpha			Centrarchiformes		Terapontoidei	Kyphosidae	Microcanthinae		Microcanthus	Microcanthus strigatus
otu_205	Eukaryota	Metazoa	Chordata	Craniata	Actinopterygii	Actinopteri	Neopterygii	Teleostei	Euteleosteomorpha			Syngnathiformes	Mulloidea		Mullidae			Parupeneus	Parupeneus chrysopleuron
otu_206	Eukaryota	Metazoa	Chordata	Craniata	Actinopterygii	Actinopteri	Neopterygii	Teleostei	Euteleosteomorpha			Lutjaniformes			Lutjanidae	Lutjaninae		Lutjanus	
otu_207	Eukaryota	Metazoa	Chordata	Craniata	Actinopterygii	Actinopteri	Neopterygii	Teleostei	Euteleosteomorpha			Carangiformes			Carangidae			Seriola	Seriola quinqueradiata
otu_208	Eukaryota	Metazoa	Chordata	Craniata	Actinopterygii	Actinopteri	Neopterygii	Teleostei	Euteleosteomorpha			Scombriformes			Chiasmodontidae				
otu_209																			
otu_210																			
otu_211	Eukaryota	Metazoa	Chordata	Craniata	Actinopterygii	Actinopteri	Neopterygii	Teleostei	Euteleosteomorpha		Atherinomorphae	Beloniformes	Adrianichthyoidei		Adrianichthyidae	Oryziinae		Oryzias	Oryzias latipes
