query	superkingdom	kingdom	phylum	subphylum	superclass	class	subclass	infraclass	cohort	subcohort	superorder	order	suborder	infraorder	superfamily	family	subfamily	tribe	genus	species
otu_001	Eukaryota	Metazoa	Chordata	Craniata	Actinopterygii	Actinopteri	Neopterygii	Teleostei	Otomorpha	Ostariophysi	Cypriniphysae	Cypriniformes	Cyprinoidei			Danionidae	Chedrinae		Cabdio	Cabdio morar
otu_002	Eukaryota	Metazoa	Chordata	Craniata	Actinopterygii	Actinopteri	Neopterygii	Teleostei	Euteleosteomorpha			Tetraodontiformes	Tetraodontoidei		Tetradontoidea	Tetraodontidae			Lagocephalus	Lagocephalus sceleratus
otu_003	Eukaryota	Metazoa	Chordata	Craniata	Actinopterygii	Actinopteri	Neopterygii	Teleostei	Otomorpha	Ostariophysi	Characiphysae	Siluriformes	Loricarioidei			Loricariidae	Hypoptopomatinae		Hypoptopoma	Hypoptopoma incognitum
otu_004	Eukaryota	Metazoa	Chordata	Craniata	Actinopterygii	Actinopteri	Neopterygii	Teleostei	Otomorpha	Clupei		Clupeiformes	Clupeoidei			Dussumieriidae			Etrumeus	Etrumeus micropus
otu_005	Eukaryota	Metazoa	Chordata	Craniata	Actinopterygii	Actinopteri	Neopterygii	Teleostei	Otomorpha	Ostariophysi	Cypriniphysae	Cypriniformes	Cyprinoidei			Acheilognathidae			Rhodeus	Rhodeus lighti
otu_006	Eukaryota	Metazoa	Chordata	Craniata	Actinopterygii	Actinopteri	Neopterygii	Teleostei	Otomorpha	Ostariophysi	Characiphysae	Siluriformes	Siluroidei			Ictaluridae			Ictalurus	Ictalurus furcatus
otu_007	Eukaryota	Metazoa	Chordata	Craniata	Actinopterygii	Actinopteri	Neopterygii	Teleostei	Otomorpha	Ostariophysi	Cypriniphysae	Cypriniformes	Cobitoidei			Nemacheilidae			Oreonectes	Oreonectes daqikongensis
otu_008	Eukaryota	Metazoa	Chordata	Craniata	Actinopterygii	Actinopteri	Neopterygii	Teleostei	Euteleosteomorpha			Tetraodontiformes			Balistoidea	Monacanthidae			Stephanolepis	Stephanolepis cirrhifer
otu_009	Eukaryota	Metazoa	Chordata	Craniata	Actinopterygii	Actinopteri	Neopterygii	Teleostei	Euteleosteomorpha							Pomacanthidae			Centropyge	Centropyge deborae
otu_010	Eukaryota	Metazoa	Chordata	Craniata	Actinopterygii	Actinopteri	Neopterygii	Teleostei	Euteleosteomorpha		Atherinomorphae	Cyprinodontiformes	Aplocheiloidei			Aplocheilidae			Pachypanchax	Pachypanchax playfairii
otu_011	Eukaryota	Metazoa	Chordata	Craniata	Actinopterygii	Actinopteri	Neopterygii	Teleostei	Euteleosteomorpha							Sciaenidae			Johnius	Johnius borneensis
otu_012	Eukaryota	Metazoa	Chordata	Craniata	Actinopterygii	Actinopteri	Neopterygii	Teleostei	Euteleosteomorpha		Atherinomorphae	Beloniformes	Adrianichthyoidei			Adrianichthyidae	Oryziinae		Oryzias	Oryzias minutillus
otu_013	Eukaryota	Metazoa	Chordata	Craniata	Actinopterygii	Actinopteri	Neopterygii	Teleostei	Euteleosteomorpha			Perciformes	Cottioidei	Gasterosteales		Gasterosteidae			Pungitius	Pungitius sinensis
otu_014	Eukaryota	Metazoa	Chordata	Craniata	Actinopterygii	Actinopteri	Neopterygii	Teleostei	Euteleosteomorpha			Spariformes				Nemipteridae			Nemipterus	Nemipterus bathybius
otu_015	Eukaryota	Metazoa	Chordata	Craniata	Actinopterygii	Actinopteri	Neopterygii	Teleostei	Otomorpha	Ostariophysi	Cypriniphysae	Cypriniformes	Cyprinoidei			Cyprinidae	Smiliogastrinae		Osteobrama	Osteobrama belangeri
otu_016	Eukaryota	Metazoa	Chordata	Craniata	Actinopterygii	Actinopteri	Neopterygii	Teleostei	Otomorpha	Ostariophysi	Cypriniphysae	Cypriniformes	Cyprinoidei			Danionidae	Rasborinae		Rasbora	Rasbora sumatrana
otu_017	Eukaryota	Metazoa	Chordata	Craniata	Actinopterygii	Actinopteri	Neopterygii	Teleostei	Euteleosteomorpha			Beryciformes				Melamphaidae			Scopelogadus	Scopelogadus mizolepis
otu_018	Eukaryota	Metazoa	Chordata	Craniata	Actinopterygii	Actinopteri	Neopterygii	Teleostei	Euteleosteomorpha			Gobiiformes	Eleotroidei			Eleotridae	Eleotrinae		Gobiomorus	Gobiomorus maculatus
otu_019	Eukaryota	Metazoa	Chordata	Craniata	Actinopterygii	Actinopteri	Neopterygii	Teleostei	Euteleosteomorpha			Tetraodontiformes	Tetraodontoidei		Tetradontoidea	Tetraodontidae			Carinotetraodon	Carinotetraodon lorteti
otu_020	Eukaryota	Metazoa	Chordata	Craniata	Actinopterygii	Actinopteri	Neopterygii	Teleostei	Euteleosteomorpha			Labriformes				Labridae			Pseudolabrus	Pseudolabrus eoethinus
otu_021	Eukaryota	Metazoa	Chordata	Craniata	Actinopterygii	Actinopteri	Neopterygii	Teleostei	Euteleosteomorpha			Acanthuriformes				Acanthuridae	Nasinae		Naso	
otu_022	Eukaryota	Metazoa	Chordata	Craniata	Actinopterygii	Actinopteri	Neopterygii	Teleostei	Euteleosteomorpha			Tetraodontiformes			Triacanthoidea	Triacanthidae			Trixiphichthys	Trixiphichthys weberi
otu_023	Eukaryota	Metazoa	Chordata	Craniata	Actinopterygii	Actinopteri	Neopterygii	Teleostei	Euteleosteomorpha			Pleuronectiformes	Pleuronectoidei			Soleidae			Solea	Solea ovata
otu_024	Eukaryota	Metazoa	Chordata	Craniata	Actinopterygii	Actinopteri	Neopterygii	Teleostei	Euteleosteomorpha		Cichlomorphae	Cichliformes				Cichlidae	Astronotinae	Astronotini	Astronotus	Astronotus ocellatus
otu_025	Eukaryota	Metazoa	Chordata	Craniata	Actinopterygii	Actinopteri	Neopterygii	Teleostei	Otomorpha	Ostariophysi	Cypriniphysae	Cypriniformes	Cyprinoidei			Xenocyprididae	Opsariichthyinae		Opsariichthys	Opsariichthys bidens
otu_026	Eukaryota	Metazoa	Chordata	Craniata	Actinopterygii	Actinopteri	Neopterygii	Teleostei				Osteoglossiformes								
otu_027	Eukaryota	Metazoa	Chordata	Craniata	Actinopterygii	Actinopteri	Neopterygii	Teleostei				Elopiformes				Elopidae			Elops	
otu_028	Eukaryota	Metazoa	Chordata	Craniata	Actinopterygii	Actinopteri	Neopterygii	Teleostei	Otomorpha	Ostariophysi	Cypriniphysae	Cypriniformes	Cobitoidei			Ellopostomatidae			Ellopostoma	Ellopostoma mystax
otu_029	Eukaryota	Metazoa	Chordata	Craniata	Actinopterygii	Actinopteri	Neopterygii	Teleostei				Anguilliformes				Anguillidae			Anguilla	
otu_030	Eukaryota	Metazoa	Chordata	Craniata	Actinopterygii	Actinopteri	Neopterygii	Teleostei	Otomorpha	Clupei		Clupeiformes	Clupeoidei			Engraulidae	Engraulinae		Stolephorus	Stolephorus commersonnii
otu_031	Eukaryota	Metazoa	Chordata	Craniata	Actinopterygii	Actinopteri	Neopterygii	Teleostei	Euteleosteomorpha			Carangiformes				Echeneidae			Echeneis	
otu_032	Eukaryota	Metazoa	Chordata	Craniata	Actinopterygii	Actinopteri	Neopterygii	Teleostei	Euteleosteomorpha		Atherinomorphae	Cyprinodontiformes	Aplocheiloidei			Nothobranchiidae			Aphyosemion	Aphyosemion kouamense
otu_033	Eukaryota	Metazoa	Chordata	Craniata	Actinopterygii	Actinopteri	Neopterygii	Teleostei	Euteleosteomorpha			Tetraodontiformes	Moloidei			Molidae			Masturus	Masturus lanceolatus
otu_034	Eukaryota	Metazoa	Chordata	Craniata	Actinopterygii	Actinopteri	Neopterygii	Teleostei	Euteleosteomorpha		Cichlomorphae	Cichliformes				Cichlidae	Etroplinae		Paratilapia	Paratilapia polleni
otu_035	Eukaryota	Metazoa	Chordata	Craniata	Actinopterygii	Actinopteri	Neopterygii	Teleostei	Euteleosteomorpha			Perciformes	Notothenioidei			Nototheniidae			Pagothenia	Pagothenia borchgrevinki
otu_036	Eukaryota	Metazoa	Chordata	Craniata	Actinopterygii	Actinopteri	Neopterygii	Teleostei	Otomorpha	Ostariophysi	Characiphysae	Siluriformes	Siluroidei			Bagridae			Mystus	Mystus vittatus
otu_037	Eukaryota	Metazoa	Chordata	Craniata	Actinopterygii	Actinopteri	Neopterygii	Teleostei	Euteleosteomorpha			Osmeriformes				Retropinnidae			Retropinna	Retropinna retropinna
otu_038	Eukaryota	Metazoa	Chordata	Craniata	Actinopterygii	Actinopteri	Neopterygii	Teleostei	Otomorpha	Ostariophysi	Characiphysae	Characiformes	Characoidei			Chilodontidae			Chilodus	Chilodus punctatus
otu_039	Eukaryota	Metazoa	Chordata	Craniata	Actinopterygii	Actinopteri	Neopterygii	Teleostei	Euteleosteomorpha			Labriformes				Labridae			Halichoeres	Halichoeres tenuispinis
otu_040	Eukaryota	Metazoa	Chordata	Craniata	Actinopterygii	Actinopteri	Neopterygii	Teleostei	Euteleosteomorpha							Sciaenidae			Johnius	
otu_041	Eukaryota	Metazoa	Chordata	Craniata	Actinopterygii	Actinopteri	Neopterygii	Teleostei	Euteleosteomorpha			Syngnathiformes	Dactylopteroidei			Dactylopteridae			Dactyloptena	
otu_042	Eukaryota	Metazoa	Chordata	Craniata	Actinopterygii	Actinopteri	Neopterygii	Teleostei	Euteleosteomorpha			Aulopiformes	Aulopoidei			Synodontidae	Harpadontinae		Harpadon	Harpadon microchir
otu_043	Eukaryota	Metazoa	Chordata	Craniata	Actinopterygii	Actinopteri	Neopterygii	Teleostei	Euteleosteomorpha			Synbranchiformes	Indostomoidei			Indostomidae			Indostomus	Indostomus paradoxus
otu_044	Eukaryota	Metazoa	Chordata	Craniata	Actinopterygii	Actinopteri	Neopterygii	Teleostei	Euteleosteomorpha			Scombriformes				Stromateidae			Pampus	
otu_045	Eukaryota	Metazoa	Chordata	Craniata	Actinopterygii	Actinopteri	Neopterygii	Teleostei	Euteleosteomorpha			Pleuronectiformes	Pleuronectoidei			Cynoglossidae	Cynoglossinae		Cynoglossus	Cynoglossus abbreviatus
otu_046	Eukaryota	Metazoa	Chordata	Craniata	Actinopterygii	Actinopteri	Neopterygii	Teleostei	Euteleosteomorpha			Centrarchiformes			Terapontoidei	Kyphosidae	Kyphosinae		Kyphosus	
otu_047	Eukaryota	Metazoa	Chordata	Craniata	Actinopterygii	Actinopteri	Neopterygii	Teleostei	Euteleosteomorpha			Tetraodontiformes	Tetraodontoidei		Tetradontoidea	Tetraodontidae			Auriglobus	Auriglobus modestus
otu_048	Eukaryota	Metazoa	Chordata	Craniata	Actinopterygii	Actinopteri	Neopterygii	Teleostei	Euteleosteomorpha			Pleuronectiformes	Pleuronectoidei			Paralichthyidae			Pseudorhombus	
otu_049	Eukaryota	Metazoa	Chordata	Craniata	Actinopterygii	Actinopteri	Neopterygii	Teleostei	Euteleosteomorpha			Anabantiformes	Anabantoidei			Osphronemidae	Macropodinae		Macropodus	
otu_050	Eukaryota	Metazoa	Chordata	Craniata	Actinopterygii	Actinopteri	Neopterygii	Teleostei	Euteleosteomorpha			Syngnathiformes	Callionymoidei			Callionymidae			Callionymus	Callionymus olidus
otu_051	Eukaryota	Metazoa	Chordata	Craniata	Actinopterygii	Actinopteri	Neopterygii	Teleostei				Anguilliformes				Muraenidae	Uropterygiinae		Anarchias	
otu_052	Eukaryota	Metazoa	Chordata	Craniata	Actinopterygii	Actinopteri	Neopterygii	Teleostei	Otomorpha	Ostariophysi	Cypriniphysae	Cypriniformes	Cobitoidei			Nemacheilidae			Tuberoschistura	Tuberoschistura baenzigeri
otu_053	Eukaryota	Metazoa	Chordata	Craniata	Actinopterygii	Actinopteri	Neopterygii	Teleostei	Euteleosteomorpha			Gobiiformes	Eleotroidei			Eleotridae	Eleotrinae		Eleotris	
otu_054	Eukaryota	Metazoa	Chordata	Craniata	Sarcopterygii	Coelacanthimorpha						Coelacanthiformes				Coelacanthidae			Latimeria	Latimeria chalumnae
otu_055	Eukaryota	Metazoa	Chordata	Craniata	Actinopterygii	Actinopteri	Neopterygii	Teleostei	Otomorpha	Clupei		Clupeiformes	Clupeoidei			Clupeidae	Spratelloidinae		Jenkinsia	Jenkinsia lamprotaenia
otu_056	Eukaryota	Metazoa	Chordata	Craniata	Actinopterygii	Actinopteri	Neopterygii	Teleostei	Euteleosteomorpha			Syngnathiformes				Aulostomidae			Aulostomus	Aulostomus chinensis
otu_057	Eukaryota	Metazoa	Chordata	Craniata	Actinopterygii	Actinopteri	Neopterygii	Teleostei	Euteleosteomorpha		Atherinomorphae	Atheriniformes				Atherinidae	Atherininae		Atherinomorus	Atherinomorus lacunosus
otu_058	Eukaryota	Metazoa	Chordata	Craniata	Actinopterygii	Actinopteri	Neopterygii	Teleostei	Otomorpha	Ostariophysi	Cypriniphysae	Cypriniformes	Cyprinoidei			Cyprinidae	Smiliogastrinae		Puntigrus	Puntigrus partipentazona
otu_059	Eukaryota	Metazoa	Chordata	Craniata	Actinopterygii	Actinopteri	Neopterygii	Teleostei	Euteleosteomorpha			Perciformes	Cottioidei	Cottales		Cottidae			Trachidermus	Trachidermus fasciatus
otu_060	Eukaryota	Metazoa	Chordata	Craniata	Actinopterygii	Actinopteri	Neopterygii	Teleostei	Euteleosteomorpha			Perciformes	Percoidei			Percidae	Percinae		Perca	Perca flavescens
otu_061	Eukaryota	Metazoa	Chordata	Craniata	Actinopterygii	Actinopteri	Neopterygii	Teleostei	Euteleosteomorpha			Esociformes				Esocidae			Esox	
otu_062	Eukaryota	Metazoa	Chordata	Craniata	Actinopterygii	Actinopteri	Neopterygii	Teleostei	Otomorpha	Ostariophysi	Characiphysae	Siluriformes	Siluroidei			Doradidae			Amblydoras	Amblydoras gonzalezi
otu_063	Eukaryota	Metazoa	Chordata	Craniata	Actinopterygii	Actinopteri	Neopterygii	Teleostei	Euteleosteomorpha			Centrarchiformes			Centrarchoidei	Elassomatidae			Elassoma	Elassoma evergladei
otu_064	Eukaryota	Metazoa	Chordata	Craniata	Actinopterygii	Actinopteri	Neopterygii	Teleostei	Euteleosteomorpha			Polymixiiformes				Polymixiidae			Polymixia	Polymixia japonica
otu_065	Eukaryota	Metazoa	Chordata	Craniata	Actinopterygii	Actinopteri	Neopterygii	Teleostei	Euteleosteomorpha		Atherinomorphae	Beloniformes	Belonoidei			Belonidae			Ablennes	Ablennes hians
otu_066	Eukaryota	Metazoa	Chordata	Craniata	Actinopterygii	Actinopteri	Neopterygii	Teleostei	Euteleosteomorpha			Centrarchiformes			Terapontoidei	Kyphosidae	Microcanthinae		Microcanthus	Microcanthus strigatus
otu_067	Eukaryota	Metazoa	Chordata	Craniata	Actinopterygii	Actinopteri	Neopterygii	Teleostei	Euteleosteomorpha			Centrarchiformes			Terapontoidei	Kyphosidae	Girellinae		Girella	Girella punctata
otu_068	Eukaryota	Metazoa	Chordata	Craniata	Actinopterygii	Actinopteri	Neopterygii	Teleostei	Euteleosteomorpha		Atherinomorphae	Cyprinodontiformes	Aplocheiloidei			Nothobranchiidae			Epiplatys	Epiplatys grahami
otu_069	Eukaryota	Metazoa	Chordata	Craniata	Actinopterygii	Actinopteri	Neopterygii	Teleostei	Euteleosteomorpha			Ophidiiformes	Bythitoidei			Bythitidae	Bythitinae		Diplacanthopoma	Diplacanthopoma brachysoma
otu_070	Eukaryota	Metazoa	Chordata	Craniata	Actinopterygii	Actinopteri	Neopterygii	Teleostei	Otomorpha	Ostariophysi	Characiphysae	Siluriformes	Siluroidei			Ariidae				
otu_071	Eukaryota	Metazoa	Chordata	Craniata	Actinopterygii	Actinopteri	Neopterygii	Teleostei	Euteleosteomorpha		Atherinomorphae	Cyprinodontiformes	Aplocheiloidei			Nothobranchiidae			Nothobranchius	Nothobranchius vosseleri
otu_072	Eukaryota	Metazoa	Chordata	Craniata	Actinopterygii	Actinopteri	Neopterygii	Teleostei	Euteleosteomorpha							Embiotocidae			Embiotoca	Embiotoca jacksoni
otu_073	Eukaryota	Metazoa	Chordata	Craniata	Actinopterygii	Actinopteri	Neopterygii	Teleostei	Otomorpha	Ostariophysi	Cypriniphysae	Cypriniformes	Cyprinoidei			Xenocyprididae	Xenocypridinae		Macrochirichthys	Macrochirichthys macrochirus
otu_074	Eukaryota	Metazoa	Chordata	Craniata	Actinopterygii	Actinopteri	Neopterygii	Teleostei	Euteleosteomorpha			Syngnathiformes	Callionymoidei			Callionymidae			Synchiropus	Synchiropus splendidus
otu_075	Eukaryota	Metazoa	Chordata	Craniata	Actinopterygii	Actinopteri	Neopterygii	Teleostei	Euteleosteomorpha							Pseudochromidae	Pseudochrominae		Pictichromis	Pictichromis paccagnellae
otu_076	Eukaryota	Metazoa	Chordata	Craniata	Actinopterygii	Actinopteri	Neopterygii	Teleostei	Euteleosteomorpha		Atherinomorphae	Cyprinodontiformes	Aplocheiloidei			Nothobranchiidae			Scriptaphyosemion	Scriptaphyosemion bertholdi
otu_077	Eukaryota	Metazoa	Chordata	Craniata	Actinopterygii	Actinopteri	Neopterygii	Teleostei	Euteleosteomorpha			Galaxiiformes				Galaxiidae	Galaxiinae	Galaxiini	Galaxias	Galaxias gollumoides
otu_078	Eukaryota	Metazoa	Chordata	Craniata	Actinopterygii	Actinopteri	Neopterygii	Teleostei	Euteleosteomorpha			Perciformes	Cottioidei	Gasterosteales		Aulorhynchidae			Aulorhynchus	Aulorhynchus flavidus
otu_079	Eukaryota	Metazoa	Chordata	Craniata	Actinopterygii	Actinopteri	Neopterygii	Teleostei	Euteleosteomorpha			Blenniiformes	Gobiesocoidei			Gobiesocidae	Gobiesocinae		Arcos	Arcos sp. KU 149
otu_080	Eukaryota	Metazoa	Chordata	Craniata	Actinopterygii	Actinopteri	Neopterygii	Teleostei	Otomorpha	Clupei		Clupeiformes	Clupeoidei			Engraulidae	Engraulinae		Stolephorus	Stolephorus insularis
otu_081	Eukaryota	Metazoa	Chordata	Craniata	Actinopterygii	Actinopteri	Neopterygii	Teleostei	Euteleosteomorpha			Pleuronectiformes	Pleuronectoidei			Bothidae			Bothus	Bothus pantherinus
otu_082	Eukaryota	Metazoa	Chordata	Craniata	Actinopterygii	Actinopteri	Neopterygii	Teleostei	Euteleosteomorpha			Scombriformes				Trichiuridae	Lepidopodinae			
otu_083	Eukaryota	Metazoa	Chordata	Craniata	Actinopterygii	Actinopteri	Neopterygii	Teleostei	Otomorpha	Ostariophysi	Characiphysae	Characiformes	Citharinoidei			Citharinidae	Citharininae		Citharinus	Citharinus congicus
otu_084	Eukaryota	Metazoa	Chordata	Craniata	Actinopterygii	Actinopteri	Neopterygii	Teleostei	Euteleosteomorpha		Atherinomorphae	Cyprinodontiformes	Aplocheiloidei			Rivulidae			Austrolebias	Austrolebias charrua
otu_085	Eukaryota	Metazoa	Chordata	Craniata	Actinopterygii	Actinopteri	Neopterygii	Teleostei	Euteleosteomorpha		Atherinomorphae	Beloniformes	Adrianichthyoidei			Adrianichthyidae	Oryziinae		Oryzias	
otu_086	Eukaryota	Metazoa	Chordata	Craniata	Actinopterygii	Actinopteri	Neopterygii	Teleostei	Euteleosteomorpha			Perciformes	Serranoidei			Serranidae	Epinephelinae	Epinephelini	Variola	Variola albimarginata
otu_087	Eukaryota	Metazoa	Chordata	Craniata	Actinopterygii	Actinopteri	Neopterygii	Teleostei				Osteoglossiformes				Osteoglossidae			Arapaima	Arapaima gigas
otu_088	Eukaryota	Metazoa	Chordata	Craniata	Actinopterygii	Actinopteri	Neopterygii	Teleostei	Euteleosteomorpha			Syngnathiformes	Mulloidea			Mullidae			Parupeneus	Parupeneus chrysopleuron
otu_089	Eukaryota	Metazoa	Chordata	Craniata	Actinopterygii	Actinopteri	Neopterygii	Teleostei	Euteleosteomorpha			Pleuronectiformes	Pleuronectoidei			Soleidae			Zebrias	Zebrias quagga
otu_090	Eukaryota	Metazoa	Chordata	Craniata	Actinopterygii	Actinopteri	Neopterygii	Teleostei	Euteleosteomorpha			Gobiiformes	Gobioidei			Gobiidae	Gobiinae		Acentrogobius	
otu_091	Eukaryota	Metazoa	Chordata	Craniata	Actinopterygii	Actinopteri	Neopterygii	Teleostei	Euteleosteomorpha			Centrarchiformes			Centrarchoidei	Centrarchidae			Micropterus	Micropterus dolomieu
otu_092	Eukaryota	Metazoa	Chordata	Craniata	Actinopterygii	Actinopteri	Neopterygii	Teleostei	Euteleosteomorpha							Ambassidae			Ambassis	
otu_093	Eukaryota	Metazoa	Chordata	Craniata	Actinopterygii	Actinopteri	Neopterygii	Teleostei	Euteleosteomorpha			Pleuronectiformes	Pleuronectoidei			Bothidae			Psettina	Psettina iijimae
otu_094	Eukaryota	Metazoa	Chordata	Craniata	Actinopterygii	Actinopteri	Neopterygii	Teleostei	Euteleosteomorpha		Atherinomorphae	Beloniformes	Belonoidei			Zenarchopteridae			Dermogenys	Dermogenys pusilla
otu_095	Eukaryota	Metazoa	Chordata	Craniata	Actinopterygii	Actinopteri	Neopterygii	Teleostei	Euteleosteomorpha			Salmoniformes				Salmonidae	Salmoninae		Brachymystax	Brachymystax tumensis
otu_096	Eukaryota	Metazoa	Chordata	Craniata	Actinopterygii	Actinopteri	Neopterygii	Teleostei	Euteleosteomorpha			Labriformes				Labridae			Bodianus	Bodianus oxycephalus
otu_097	Eukaryota	Metazoa	Chordata	Craniata	Actinopterygii	Actinopteri	Neopterygii	Teleostei	Otomorpha	Ostariophysi	Cypriniphysae	Cypriniformes	Cyprinoidei			Cyprinidae	Smiliogastrinae		Pethia	
otu_098	Eukaryota	Metazoa	Chordata	Craniata	Actinopterygii	Actinopteri	Neopterygii	Teleostei	Euteleosteomorpha		Atherinomorphae	Cyprinodontiformes	Cyprinodontoidei			Cyprinodontidae	Cyprinodontinae	Orestiniini	Orestias	
otu_099	Eukaryota	Metazoa	Chordata	Craniata	Actinopterygii	Actinopteri	Neopterygii	Teleostei	Euteleosteomorpha			Gadiformes	Macrouroidei			Macrouridae	Macrouroidinae		Squalogadus	Squalogadus modificatus
otu_100	Eukaryota	Metazoa	Chordata	Craniata	Actinopterygii	Actinopteri	Neopterygii	Teleostei	Otomorpha	Clupei		Clupeiformes	Clupeoidei			Clupeidae	Clupeinae		Sardinella	Sardinella longiceps
otu_101	Eukaryota	Metazoa	Chordata	Craniata	Actinopterygii	Actinopteri	Neopterygii	Teleostei	Otomorpha	Ostariophysi	Characiphysae	Siluriformes	Siluroidei			Aspredinidae			Bunocephalus	Bunocephalus coracoideus
otu_102	Eukaryota	Metazoa	Chordata	Craniata	Actinopterygii	Actinopteri	Neopterygii	Teleostei	Otomorpha	Ostariophysi	Characiphysae	Characiformes	Characoidei			Hepsetidae			Hepsetus	Hepsetus odoe
otu_103	Eukaryota	Metazoa	Chordata	Craniata	Actinopterygii	Actinopteri	Neopterygii	Teleostei				Anguilliformes				Muraenesocidae			Cynoponticus	Cynoponticus ferox
otu_104	Eukaryota	Metazoa	Chordata	Craniata	Actinopterygii	Actinopteri	Neopterygii	Teleostei	Euteleosteomorpha		Atherinomorphae	Beloniformes	Belonoidei			Hemiramphidae			Hyporhamphus	Hyporhamphus intermedius
otu_105	Eukaryota	Metazoa	Chordata	Craniata	Actinopterygii	Actinopteri	Neopterygii	Teleostei	Otomorpha	Ostariophysi	Cypriniphysae	Cypriniformes	Cyprinoidei			Cyprinidae	Smiliogastrinae		Enteromius	Enteromius pobeguini
otu_106	Eukaryota	Metazoa	Chordata	Craniata	Actinopterygii	Actinopteri	Neopterygii	Teleostei	Euteleosteomorpha			Scombriformes				Bramidae			Pteraclis	Pteraclis aesticola
otu_107	Eukaryota	Metazoa	Chordata	Craniata	Actinopterygii	Actinopteri	Neopterygii	Teleostei				Anguilliformes				Congridae	Heterocongrinae			
otu_108	Eukaryota	Metazoa	Chordata	Craniata	Actinopterygii	Actinopteri	Neopterygii	Teleostei	Euteleosteomorpha			Synbranchiformes	Mastacembeloidei			Mastacembelidae			Macrognathus	Macrognathus pancalus
otu_109	Eukaryota	Metazoa	Chordata	Craniata	Actinopterygii	Actinopteri	Neopterygii	Teleostei	Otomorpha	Ostariophysi	Characiphysae	Characiformes	Characoidei			Bryconidae	Bryconinae		Brycon	Brycon orbignyanus
otu_110	Eukaryota	Metazoa	Chordata	Craniata	Actinopterygii	Actinopteri	Neopterygii	Teleostei	Euteleosteomorpha		Atherinomorphae	Cyprinodontiformes	Cyprinodontoidei			Fundulidae			Fundulus	Fundulus diaphanus
otu_111	Eukaryota	Metazoa	Chordata	Craniata	Actinopterygii	Actinopteri	Neopterygii	Teleostei	Euteleosteomorpha			Pleuronectiformes	Pleuronectoidei			Soleidae			Brachirus	Brachirus orientalis
otu_112	Eukaryota	Metazoa	Chordata	Craniata	Actinopterygii	Actinopteri	Neopterygii	Teleostei	Euteleosteomorpha			Syngnathiformes	Syngnathoidei			Pegasidae			Eurypegasus	Eurypegasus draconis
otu_113	Eukaryota	Metazoa	Chordata	Craniata	Actinopterygii	Actinopteri	Neopterygii	Teleostei	Euteleosteomorpha			Gobiiformes	Gobioidei			Odontobutidae			Sineleotris	Sineleotris chalmersi
otu_114	Eukaryota	Metazoa	Chordata	Craniata	Actinopterygii	Actinopteri	Neopterygii	Teleostei	Euteleosteomorpha		Atherinomorphae	Cyprinodontiformes	Aplocheiloidei			Rivulidae			Kryptolebias	Kryptolebias hermaphroditus
otu_115	Eukaryota	Metazoa	Chordata	Craniata	Actinopterygii	Actinopteri	Neopterygii	Teleostei	Euteleosteomorpha			Labriformes				Labridae			Calotomus	Calotomus japonicus
otu_116	Eukaryota	Metazoa	Chordata	Craniata	Actinopterygii	Actinopteri	Neopterygii	Teleostei	Euteleosteomorpha			Labriformes				Labridae			Chlorurus	Chlorurus sordidus
otu_117	Eukaryota	Metazoa	Chordata	Craniata	Actinopterygii	Actinopteri	Neopterygii	Teleostei	Euteleosteomorpha			Spariformes				Nemipteridae			Scolopsis	Scolopsis vosmeri
otu_118	Eukaryota	Metazoa	Chordata	Craniata	Actinopterygii	Actinopteri	Neopterygii	Teleostei	Otomorpha	Ostariophysi	Cypriniphysae	Cypriniformes	Cyprinoidei			Danionidae	Rasborinae		Horadandia	Horadandia atukorali
otu_119	Eukaryota	Metazoa	Chordata	Craniata	Actinopterygii	Actinopteri	Neopterygii	Teleostei	Otomorpha	Ostariophysi	Characiphysae	Siluriformes	Siluroidei			Auchenipteridae	Centromochlinae		Duringlanis	Duringlanis perugiae
otu_120	Eukaryota	Metazoa	Chordata	Craniata	Actinopterygii	Actinopteri	Neopterygii	Teleostei	Euteleosteomorpha			Gobiiformes	Gobioidei			Odontobutidae			Perccottus	Perccottus glenii
otu_121	Eukaryota	Metazoa	Chordata	Craniata	Actinopterygii	Actinopteri	Neopterygii	Teleostei	Euteleosteomorpha			Lobotiformes				Hapalogenyidae			Hapalogenys	Hapalogenys nigripinnis
otu_122	Eukaryota	Metazoa	Chordata	Craniata	Actinopterygii	Actinopteri	Neopterygii	Teleostei	Euteleosteomorpha			Tetraodontiformes			Triacanthodoidei	Triacanthodidae			Macrorhamphosodes	Macrorhamphosodes uradoi
otu_123	Eukaryota	Metazoa	Chordata	Craniata	Actinopterygii	Actinopteri	Neopterygii	Teleostei	Euteleosteomorpha			Lophiiformes	Lophioidei			Lophiidae			Sladenia	Sladenia gardineri
otu_124	Eukaryota	Metazoa	Chordata	Craniata	Actinopterygii	Actinopteri	Neopterygii	Teleostei	Euteleosteomorpha			Perciformes	Notothenioidei			Channichthyidae			Champsocephalus	Champsocephalus gunnari
otu_125	Eukaryota	Metazoa	Chordata	Craniata	Actinopterygii	Actinopteri	Neopterygii	Teleostei	Euteleosteomorpha			Carangiformes				Carangidae			Selar	Selar crumenophthalmus
otu_126	Eukaryota	Metazoa	Chordata	Craniata	Actinopterygii	Actinopteri	Neopterygii	Teleostei	Otomorpha	Ostariophysi	Cypriniphysae	Cypriniformes	Cyprinoidei			Cyprinidae			Chagunius	Chagunius chagunio
otu_127	Eukaryota	Metazoa	Chordata	Craniata	Actinopterygii	Actinopteri	Neopterygii	Teleostei	Euteleosteomorpha			Labriformes				Labridae			Choerodon	Choerodon schoenleinii
otu_128	Eukaryota	Metazoa	Chordata	Craniata	Actinopterygii	Actinopteri	Neopterygii	Teleostei	Euteleosteomorpha			Percopsiformes	Percopsoidei			Percopsidae			Percopsis	Percopsis transmontana
otu_129	Eukaryota	Metazoa	Chordata	Craniata	Actinopterygii	Actinopteri	Neopterygii	Teleostei	Euteleosteomorpha			Trachichthyiformes				Diretmidae			Diretmoides	Diretmoides veriginae
otu_130	Eukaryota	Metazoa	Chordata	Craniata	Actinopterygii	Actinopteri	Neopterygii	Teleostei	Otomorpha	Ostariophysi		Gonorynchiformes	Knerioidei			Kneriidae	Cromerinae		Grasseichthys	Grasseichthys gabonensis
otu_131	Eukaryota	Metazoa	Chordata	Craniata	Actinopterygii	Actinopteri	Neopterygii	Teleostei				Hiodontiformes				Hiodontidae			Hiodon	Hiodon alosoides
otu_132	Eukaryota	Metazoa	Chordata	Craniata	Actinopterygii	Actinopteri	Neopterygii	Teleostei	Otomorpha	Ostariophysi	Cypriniphysae	Cypriniformes	Cobitoidei			Nemacheilidae			Triplophysa	Triplophysa yarkandensis
otu_133	Eukaryota	Metazoa	Chordata	Craniata	Actinopterygii	Actinopteri	Neopterygii	Teleostei	Euteleosteomorpha			Labriformes				Labridae			Cheilinus	Cheilinus fasciatus
otu_134	Eukaryota	Metazoa	Chordata	Craniata	Actinopterygii	Actinopteri	Neopterygii	Teleostei	Euteleosteomorpha		Cichlomorphae	Cichliformes				Cichlidae	Cichlasomatinae	Cichlasomatini	Bujurquina	Bujurquina mariae
otu_135	Eukaryota	Metazoa	Chordata	Craniata	Actinopterygii	Actinopteri	Neopterygii	Teleostei	Euteleosteomorpha			Centrarchiformes			Centrarchoidei	Centrarchidae			Lepomis	Lepomis gulosus
otu_136	Eukaryota	Metazoa	Chordata	Craniata	Actinopterygii	Actinopteri	Neopterygii	Teleostei	Euteleosteomorpha			Pleuronectiformes	Pleuronectoidei			Bothidae			Laeops	
otu_137	Eukaryota	Metazoa	Chordata	Craniata	Actinopterygii	Actinopteri	Neopterygii	Teleostei	Euteleosteomorpha		Atherinomorphae	Beloniformes	Adrianichthyoidei			Adrianichthyidae	Oryziinae		Oryzias	Oryzias javanicus
otu_138	Eukaryota	Metazoa	Chordata	Craniata	Actinopterygii	Actinopteri	Neopterygii	Teleostei	Otomorpha	Clupei		Clupeiformes	Clupeoidei			Clupeidae	Alosinae		Alosa	
otu_139	Eukaryota	Metazoa	Chordata	Craniata	Actinopterygii	Actinopteri	Neopterygii	Teleostei				Anguilliformes				Colocongridae			Coloconger	Coloconger cadenati
otu_140	Eukaryota	Metazoa	Chordata	Craniata	Actinopterygii	Actinopteri	Neopterygii	Teleostei	Euteleosteomorpha			Gobiiformes	Gobioidei			Gobiidae	Gobionellinae		Awaous	
otu_141	Eukaryota	Metazoa	Chordata	Craniata	Actinopterygii	Actinopteri	Neopterygii	Teleostei	Otomorpha	Ostariophysi	Cypriniphysae	Cypriniformes	Cobitoidei			Cobitidae	Cobitinae			
otu_142	Eukaryota	Metazoa	Chordata	Craniata	Actinopterygii	Actinopteri	Neopterygii	Teleostei	Euteleosteomorpha							Plesiopidae	Plesiopinae		Trachinops	Trachinops taeniatus
otu_143	Eukaryota	Metazoa	Chordata	Craniata	Actinopterygii	Actinopteri	Neopterygii	Teleostei	Euteleosteomorpha			Kurtiformes	Apogonoidei			Apogonidae	Apogoninae		Pterapogon	Pterapogon kauderni
otu_144	Eukaryota	Metazoa	Chordata	Craniata	Actinopterygii	Actinopteri	Neopterygii	Teleostei	Euteleosteomorpha			Tetraodontiformes			Balistoidea	Monacanthidae			Paraluteres	Paraluteres prionurus
otu_145	Eukaryota	Metazoa	Chordata	Craniata	Actinopterygii	Actinopteri	Neopterygii	Teleostei	Euteleosteomorpha			Lampriformes				Lampridae			Lampris	Lampris guttatus
otu_146	Eukaryota	Metazoa	Chordata	Craniata	Actinopterygii	Actinopteri	Neopterygii	Teleostei	Otomorpha	Ostariophysi	Cypriniphysae	Cypriniformes	Cobitoidei			Vaillantellidae			Vaillantella	Vaillantella maassi
otu_147	Eukaryota	Metazoa	Chordata	Craniata	Actinopterygii	Actinopteri	Neopterygii	Teleostei	Otomorpha	Clupei		Clupeiformes	Clupeoidei			Engraulidae	Coilinae		Lycothrissa	Lycothrissa crocodilus
otu_148	Eukaryota	Metazoa	Chordata	Craniata	Actinopterygii	Actinopteri	Neopterygii	Teleostei				Notacanthiformes				Notacanthidae			Polyacanthonotus	Polyacanthonotus rissoanus
otu_149	Eukaryota	Metazoa	Chordata	Craniata	Actinopterygii	Actinopteri	Neopterygii	Teleostei	Euteleosteomorpha			Pleuronectiformes	Pleuronectoidei			Cynoglossidae	Symphurinae		Symphurus	
otu_150	Eukaryota	Metazoa	Chordata	Craniata	Actinopterygii	Actinopteri	Neopterygii	Teleostei	Euteleosteomorpha			Pempheriformes				Bathyclupeidae			Bathyclupea	
otu_151	Eukaryota	Metazoa	Chordata	Craniata	Actinopterygii	Actinopteri	Neopterygii	Teleostei	Euteleosteomorpha			Pleuronectiformes	Pleuronectoidei			Samaridae			Samariscus	Samariscus latus
otu_152	Eukaryota	Metazoa	Chordata	Craniata	Actinopterygii	Actinopteri	Neopterygii	Teleostei	Otomorpha	Clupei		Clupeiformes	Clupeoidei			Clupeidae	Clupeinae		Harengula	Harengula jaguana
otu_153	Eukaryota	Metazoa	Chordata	Craniata	Actinopterygii	Actinopteri	Neopterygii	Teleostei	Euteleosteomorpha			Lobotiformes				Lobotidae			Lobotes	Lobotes surinamensis
otu_154	Eukaryota	Metazoa	Chordata	Craniata	Actinopterygii	Actinopteri	Neopterygii	Teleostei	Euteleosteomorpha			Chaetodontiformes				Leiognathidae			Gazza	Gazza minuta
otu_155	Eukaryota	Metazoa	Chordata	Craniata	Actinopterygii	Actinopteri	Neopterygii	Teleostei	Otomorpha	Ostariophysi	Cypriniphysae	Cypriniformes	Cobitoidei			Nemacheilidae			Aborichthys	Aborichthys elongatus
otu_156	Eukaryota	Metazoa	Chordata	Craniata	Actinopterygii	Actinopteri	Neopterygii	Teleostei	Otomorpha	Ostariophysi	Characiphysae	Siluriformes	Siluroidei			Amphiliidae	Amphiliinae		Amphilius	Amphilius sp. NM-2010
otu_157	Eukaryota	Metazoa	Chordata	Craniata	Actinopterygii	Actinopteri	Neopterygii	Teleostei	Euteleosteomorpha			Gobiiformes	Gobioidei			Gobiidae	Gobionellinae		Tridentiger	
otu_158	Eukaryota	Metazoa	Chordata	Craniata	Actinopterygii	Actinopteri	Neopterygii	Teleostei	Euteleosteomorpha			Lophiiformes	Ceratioidei			Melanocetidae			Melanocetus	Melanocetus johnsonii
otu_159	Eukaryota	Metazoa	Chordata	Craniata	Actinopterygii	Actinopteri	Neopterygii	Teleostei	Euteleosteomorpha			Gobiiformes	Gobioidei			Gobiidae	Gobiinae		Amoya	Amoya chusanensis
otu_160	Eukaryota	Metazoa	Chordata	Craniata	Actinopterygii	Actinopteri	Neopterygii	Teleostei	Euteleosteomorpha		Atherinomorphae	Atheriniformes				Melanotaeniidae			Glossolepis	Glossolepis incisus
otu_161	Eukaryota	Metazoa	Chordata	Craniata	Actinopterygii	Actinopteri	Neopterygii	Teleostei	Euteleosteomorpha			Scombriformes				Trichiuridae	Aphanopodinae		Benthodesmus	Benthodesmus tenuis
otu_162	Eukaryota	Metazoa	Chordata	Craniata	Actinopterygii	Actinopteri	Neopterygii	Teleostei	Euteleosteomorpha							Plesiopidae	Plesiopinae		Plesiops	
otu_163	Eukaryota	Metazoa	Chordata	Craniata	Actinopterygii	Actinopteri	Neopterygii	Teleostei	Euteleosteomorpha			Stylephoriformes				Stylephoridae			Stylephorus	Stylephorus chordatus
otu_164	Eukaryota	Metazoa	Chordata	Craniata	Actinopterygii	Actinopteri	Neopterygii	Teleostei	Euteleosteomorpha			Gobiiformes	Gobioidei			Gobiidae	Gobionellinae		Lophiogobius	Lophiogobius ocellicauda
otu_165	Eukaryota	Metazoa	Chordata	Craniata	Actinopterygii	Actinopteri	Neopterygii	Teleostei	Euteleosteomorpha		Atherinomorphae	Cyprinodontiformes	Aplocheiloidei			Nothobranchiidae			Archiaphyosemion	Archiaphyosemion guineense
otu_166	Eukaryota	Metazoa	Chordata	Craniata	Actinopterygii	Actinopteri	Neopterygii	Teleostei	Euteleosteomorpha			Gobiiformes	Gobioidei			Gobiidae	Gobionellinae		Chaenogobius	Chaenogobius gulosus
otu_167	Eukaryota	Metazoa	Chordata	Craniata	Actinopterygii	Actinopteri	Neopterygii	Teleostei				Anguilliformes				Synaphobranchidae				
otu_168	Eukaryota	Metazoa	Chordata	Craniata	Actinopterygii	Actinopteri	Neopterygii	Teleostei	Euteleosteomorpha			Tetraodontiformes	Tetraodontoidei		Tetradontoidea	Tetraodontidae			Marilyna	Marilyna darwinii
otu_169	Eukaryota	Metazoa	Chordata	Craniata	Actinopterygii	Actinopteri	Neopterygii	Teleostei	Euteleosteomorpha							Centropomidae			Lates	Lates calcarifer
otu_170	Eukaryota	Metazoa	Chordata	Craniata	Actinopterygii	Actinopteri	Neopterygii	Teleostei	Otomorpha	Ostariophysi	Characiphysae	Siluriformes	Siluroidei			Sisoridae	Glyptosterninae		Oreoglanis	
otu_171	Eukaryota	Metazoa	Chordata	Craniata	Actinopterygii	Actinopteri	Neopterygii	Teleostei	Otomorpha	Clupei		Clupeiformes	Clupeoidei			Clupeidae	Pellonulinae		Ehirava	Ehirava fluviatilis
otu_172	Eukaryota	Metazoa	Chordata	Craniata	Actinopterygii	Actinopteri	Neopterygii	Teleostei	Euteleosteomorpha			Priacanthiformes				Priacanthidae			Priacanthus	
otu_173	Eukaryota	Metazoa	Chordata	Craniata	Actinopterygii	Actinopteri	Neopterygii	Teleostei	Euteleosteomorpha							Callanthiidae			Callanthias	Callanthias japonicus
otu_174	Eukaryota	Metazoa	Chordata	Craniata	Actinopterygii	Actinopteri	Neopterygii	Teleostei	Euteleosteomorpha							Pomacanthidae			Apolemichthys	Apolemichthys griffisi
otu_175	Eukaryota	Metazoa	Chordata	Craniata	Actinopterygii	Actinopteri	Neopterygii	Teleostei	Euteleosteomorpha			Centrarchiformes			Centrarchoidei	Sinipercidae			Coreoperca	Coreoperca kawamebari
otu_176	Eukaryota	Metazoa	Chordata	Craniata	Actinopterygii	Actinopteri	Neopterygii	Teleostei	Otomorpha	Clupei		Clupeiformes	Clupeoidei			Clupeidae	Spratelloidinae		Spratelloides	Spratelloides delicatulus
otu_177	Eukaryota	Metazoa	Chordata	Craniata	Actinopterygii	Actinopteri	Neopterygii	Teleostei	Euteleosteomorpha			Gobiiformes	Gobioidei			Gobiidae	Gobiinae		Glossogobius	Glossogobius giuris
otu_178	Eukaryota	Metazoa	Chordata	Craniata	Actinopterygii	Actinopteri	Neopterygii	Teleostei	Otomorpha	Ostariophysi	Cypriniphysae	Cypriniformes	Cobitoidei			Nemacheilidae			Homatula	
otu_179	Eukaryota	Metazoa	Chordata	Craniata	Actinopterygii	Actinopteri	Neopterygii	Teleostei				Anguilliformes				Nettastomatidae			Facciolella	Facciolella oxyrhyncha
otu_180	Eukaryota	Metazoa	Chordata	Craniata	Actinopterygii	Actinopteri	Neopterygii	Teleostei	Otomorpha	Clupei		Clupeiformes	Clupeoidei			Engraulidae	Coilinae		Thryssa	Thryssa baelama
otu_181	Eukaryota	Metazoa	Chordata	Craniata	Actinopterygii	Actinopteri	Neopterygii	Teleostei				Anguilliformes				Moringuidae			Moringua	Moringua edwardsi
otu_182	Eukaryota	Metazoa	Chordata	Craniata	Actinopterygii	Actinopteri	Neopterygii	Teleostei	Euteleosteomorpha			Osmeriformes				Osmeridae	Hypomesinae		Hypomesus	Hypomesus nipponensis
otu_183	Eukaryota	Metazoa	Chordata	Craniata	Actinopterygii	Actinopteri	Neopterygii	Teleostei	Euteleosteomorpha			Kurtiformes	Apogonoidei			Apogonidae	Apogoninae		Jaydia	Jaydia lineata
otu_184	Eukaryota	Metazoa	Chordata	Craniata	Actinopterygii	Cladistia						Polypteriformes				Polypteridae			Erpetoichthys	Erpetoichthys calabaricus
otu_185	Eukaryota	Metazoa	Chordata	Craniata	Actinopterygii	Actinopteri	Neopterygii	Teleostei	Euteleosteomorpha			Zeiformes				Zeidae			Zeus	Zeus faber
otu_186	Eukaryota	Metazoa	Chordata	Craniata	Actinopterygii	Actinopteri	Neopterygii	Teleostei	Euteleosteomorpha			Syngnathiformes	Mulloidea			Mullidae			Mulloidichthys	Mulloidichthys vanicolensis
otu_187	Eukaryota	Metazoa	Chordata	Craniata	Actinopterygii	Actinopteri	Neopterygii	Teleostei	Otomorpha	Ostariophysi	Cypriniphysae	Cypriniformes	Cobitoidei			Nemacheilidae			Schistura	Schistura reticulofasciata
otu_188	Eukaryota	Metazoa	Chordata	Craniata	Actinopterygii	Actinopteri	Neopterygii	Teleostei	Euteleosteomorpha			Gobiiformes	Gobioidei			Gobiidae	Gobionellinae		Redigobius	Redigobius bikolanus
otu_189	Eukaryota	Metazoa	Chordata	Craniata	Actinopterygii	Actinopteri	Neopterygii	Teleostei	Otomorpha	Ostariophysi	Characiphysae	Siluriformes	Siluroidei			Pseudopimelodidae			Lophiosilurus	Lophiosilurus alexandri
otu_190	Eukaryota	Metazoa	Chordata	Craniata	Actinopterygii	Actinopteri	Neopterygii	Teleostei	Euteleosteomorpha			Centrarchiformes			Percichthyoidei	Percichthyidae			Nannoperca	Nannoperca obscura
otu_191	Eukaryota	Metazoa	Chordata	Craniata	Actinopterygii	Actinopteri	Neopterygii	Teleostei	Euteleosteomorpha			Labriformes				Labridae			Halichoeres	Halichoeres hartzfeldii
otu_192	Eukaryota	Metazoa	Chordata	Craniata	Actinopterygii	Actinopteri	Neopterygii	Teleostei	Euteleosteomorpha			Argentiniformes				Opisthoproctidae			Dolichopteryx	Dolichopteryx minuscula
otu_193	Eukaryota	Metazoa	Chordata	Craniata	Actinopterygii	Actinopteri	Neopterygii	Holostei				Semionotiformes				Lepisosteidae			Atractosteus	Atractosteus spatula
otu_194	Eukaryota	Metazoa	Chordata	Craniata	Actinopterygii	Actinopteri	Neopterygii	Teleostei	Euteleosteomorpha			Pleuronectiformes	Pleuronectoidei			Paralichthyidae			Pseudorhombus	Pseudorhombus dupliciocellatus
otu_195	Eukaryota	Metazoa	Chordata	Craniata	Actinopterygii	Actinopteri	Neopterygii	Teleostei	Euteleosteomorpha			Lophiiformes	Lophioidei			Lophiidae			Lophius	Lophius americanus
otu_196	Eukaryota	Metazoa	Chordata	Craniata	Actinopterygii	Actinopteri	Neopterygii	Teleostei	Euteleosteomorpha			Galaxiiformes				Galaxiidae	Galaxiinae	Galaxiini	Galaxias	Galaxias maculatus
otu_197	Eukaryota	Metazoa	Chordata	Craniata	Actinopterygii	Actinopteri	Neopterygii	Teleostei	Euteleosteomorpha			Tetraodontiformes	Tetraodontoidei		Tetradontoidea	Tetraodontidae			Lagocephalus	Lagocephalus laevigatus
otu_198	Eukaryota	Metazoa	Chordata	Craniata	Actinopterygii	Actinopteri	Neopterygii	Teleostei	Euteleosteomorpha			Anabantiformes	Anabantoidei			Anabantidae			Anabas	Anabas testudineus
otu_199	Eukaryota	Metazoa	Chordata	Craniata	Actinopterygii	Actinopteri	Neopterygii	Teleostei	Euteleosteomorpha			Labriformes				Labridae			Macropharyngodon	Macropharyngodon negrosensis
otu_200	Eukaryota	Metazoa	Chordata	Craniata	Actinopterygii	Actinopteri	Neopterygii	Teleostei	Euteleosteomorpha			Gobiiformes	Gobioidei			Gobiidae	Gobionellinae		Eucyclogobius	Eucyclogobius newberryi
otu_201	Eukaryota	Metazoa	Chordata	Craniata	Actinopterygii	Actinopteri	Neopterygii	Teleostei	Euteleosteomorpha			Centrarchiformes			Terapontoidei	Terapontidae			Leiopotherapon	Leiopotherapon unicolor
otu_202	Eukaryota	Metazoa	Chordata	Craniata	Actinopterygii	Actinopteri	Neopterygii	Teleostei				Anguilliformes				Heterenchelyidae			Pythonichthys	Pythonichthys microphthalmus
otu_203	Eukaryota	Metazoa	Chordata	Craniata	Actinopterygii	Actinopteri	Neopterygii	Teleostei	Euteleosteomorpha			Zeiformes				Zenionidae			Zenion	Zenion japonicum
otu_204	Eukaryota	Metazoa	Chordata	Craniata	Actinopterygii	Actinopteri	Neopterygii	Teleostei	Euteleosteomorpha			Pempheriformes				Pempheridae			Pempheris	
otu_205	Eukaryota	Metazoa	Chordata	Craniata	Actinopterygii	Actinopteri	Neopterygii	Teleostei	Otomorpha	Ostariophysi	Cypriniphysae	Cypriniformes	Cyprinoidei			Xenocyprididae	Xenocypridinae		Hemiculter	Hemiculter bleekeri
otu_206	Eukaryota	Metazoa	Chordata	Craniata	Actinopterygii	Actinopteri	Neopterygii	Teleostei	Euteleosteomorpha			Galaxiiformes				Galaxiidae	Galaxiinae	Galaxiini	Galaxiella	Galaxiella nigrostriata
otu_207	Eukaryota	Metazoa	Chordata	Craniata	Actinopterygii	Actinopteri	Neopterygii	Teleostei	Euteleosteomorpha			Gerreiformes				Gerreidae			Gerres	
otu_208	Eukaryota	Metazoa	Chordata	Craniata	Actinopterygii	Actinopteri	Neopterygii	Teleostei	Euteleosteomorpha		Atherinomorphae	Cyprinodontiformes	Aplocheiloidei			Nothobranchiidae			Nothobranchius	Nothobranchius thierryi
otu_209	Eukaryota	Metazoa	Chordata	Craniata	Actinopterygii	Actinopteri	Neopterygii	Teleostei	Euteleosteomorpha			Percopsiformes	Aphredoderoidei			Aphredoderidae			Aphredoderus	Aphredoderus sayanus
otu_210	Eukaryota	Metazoa	Chordata	Craniata	Actinopterygii	Actinopteri	Neopterygii	Teleostei	Euteleosteomorpha			Perciformes	Serranoidei			Serranidae	Anthiinae		Pseudanthias	Pseudanthias dispar
otu_211	Eukaryota	Metazoa	Chordata	Craniata	Actinopterygii	Actinopteri	Neopterygii	Teleostei	Otomorpha	Ostariophysi	Characiphysae	Characiformes	Characoidei			Serrasalmidae				
otu_212	Eukaryota	Metazoa	Chordata	Craniata	Actinopterygii	Actinopteri	Neopterygii	Teleostei	Euteleosteomorpha							Sciaenidae			Johnius	Johnius carouna
otu_213	Eukaryota	Metazoa	Chordata	Craniata	Actinopterygii	Actinopteri	Neopterygii	Teleostei	Euteleosteomorpha			Pempheriformes				Champsodontidae			Champsodon	
otu_214	Eukaryota	Metazoa	Chordata	Craniata	Actinopterygii	Actinopteri	Neopterygii	Teleostei	Euteleosteomorpha			Gadiformes	Macrouroidei			Macrouridae	Macrourinae		Cetonurus	Cetonurus globiceps
otu_215	Eukaryota	Metazoa	Chordata	Craniata	Actinopterygii	Actinopteri	Neopterygii	Teleostei	Euteleosteomorpha		Cichlomorphae	Cichliformes				Cichlidae	Cichlasomatinae	Cichlasomatini	Nannacara	Nannacara anomala
