samplename	species	nreads
ClaidentTutorial__Sample01__MiFish	008_unidentified_Echeneis	250
ClaidentTutorial__Sample01__MiFish	016_Petrocephalus_microphthalmus	249
ClaidentTutorial__Sample01__MiFish	028_Lepidosiren_paradoxa	249
ClaidentTutorial__Sample01__MiFish	072_Eurypharynx_pelecanoides	249
ClaidentTutorial__Sample01__MiFish	036_unidentified_Pristolepis	248
ClaidentTutorial__Sample01__MiFish	042_unidentified_Glossogobius	248
ClaidentTutorial__Sample01__MiFish	048_unidentified_Naso	248
ClaidentTutorial__Sample01__MiFish	051_unidentified_Pempheriformes	248
ClaidentTutorial__Sample01__MiFish	081_unidentified_Eleotris	248
ClaidentTutorial__Sample01__MiFish	089_Dicentrarchus_labrax	248
ClaidentTutorial__Sample01__MiFish	111_unidentified_Hypoptopoma	248
ClaidentTutorial__Sample01__MiFish	113_unidentified_Stethaprioninae	248
ClaidentTutorial__Sample01__MiFish	155_unidentified_Labracinus	248
ClaidentTutorial__Sample01__MiFish	066_unidentified_Oryzias	247
ClaidentTutorial__Sample01__MiFish	094_unidentified_Nothobranchiidae	247
ClaidentTutorial__Sample01__MiFish	095_unidentified_Poecilia	247
ClaidentTutorial__Sample01__MiFish	125_Pagellus_bogaraveo	247
ClaidentTutorial__Sample01__MiFish	130_unidentified_Puntigrus	247
ClaidentTutorial__Sample01__MiFish	144_Menidia_menidia	247
ClaidentTutorial__Sample01__MiFish	153_Etheostoma_spectabile	247
ClaidentTutorial__Sample01__MiFish	174_Lepidoblepharon_ophthalmolepis	247
ClaidentTutorial__Sample01__MiFish	175_Microcanthus_strigatus	247
ClaidentTutorial__Sample01__MiFish	012_unidentified_Bathyclupea	246
ClaidentTutorial__Sample01__MiFish	017_unidentified_Odacidae	246
ClaidentTutorial__Sample01__MiFish	045_unidentified_Cobitoidei	246
ClaidentTutorial__Sample01__MiFish	053_Kaupichthys_hyoproroides	246
ClaidentTutorial__Sample01__MiFish	079_unidentified_Osteobrama	246
ClaidentTutorial__Sample01__MiFish	093_Bothus_myriaster	246
ClaidentTutorial__Sample01__MiFish	102_Coreoperca_kawamebari	246
ClaidentTutorial__Sample01__MiFish	150_Chelonodontops_patoca	246
ClaidentTutorial__Sample01__MiFish	183_unidentified_Odontobutis	246
ClaidentTutorial__Sample01__MiFish	001_unidentified_Osteoglossiformes	245
ClaidentTutorial__Sample01__MiFish	068_unidentified_Salminus	245
ClaidentTutorial__Sample01__MiFish	078_unidentified_Diplomystes	245
ClaidentTutorial__Sample01__MiFish	114_Chascanopsetta_lugubris	245
ClaidentTutorial__Sample01__MiFish	186_unidentified_Cabdio	245
ClaidentTutorial__Sample01__MiFish	187_unidentified_Gastromyzontidae	245
ClaidentTutorial__Sample01__MiFish	189_unidentified_Lutjanus	245
ClaidentTutorial__Sample01__MiFish	002_Pagothenia_borchgrevinki	244
ClaidentTutorial__Sample01__MiFish	003_unidentified_Johnius	244
ClaidentTutorial__Sample01__MiFish	026_unidentified_Xenocypridinae	244
ClaidentTutorial__Sample01__MiFish	098_Selar_crumenophthalmus	244
ClaidentTutorial__Sample01__MiFish	152_unidentified_Acipenser	244
ClaidentTutorial__Sample01__MiFish	194_unidentified_Chiasmodontidae	244
ClaidentTutorial__Sample01__MiFish	010_Etroplus_maculatus	243
ClaidentTutorial__Sample01__MiFish	069_unidentified_Siluroidei	243
ClaidentTutorial__Sample01__MiFish	197_Seriola_quinqueradiata	243
ClaidentTutorial__Sample01__MiFish	019_unidentified_Channa	242
ClaidentTutorial__Sample01__MiFish	131_Perccottus_glenii	242
ClaidentTutorial__Sample01__MiFish	159_unidentified_Chaetobranchopsis	242
ClaidentTutorial__Sample02__MiFish	028_Lepidosiren_paradoxa	254
ClaidentTutorial__Sample02__MiFish	012_unidentified_Bathyclupea	252
ClaidentTutorial__Sample02__MiFish	017_unidentified_Odacidae	250
ClaidentTutorial__Sample02__MiFish	019_unidentified_Channa	250
ClaidentTutorial__Sample02__MiFish	046_unidentified_Samaris	250
ClaidentTutorial__Sample02__MiFish	130_unidentified_Puntigrus	250
ClaidentTutorial__Sample02__MiFish	001_unidentified_Osteoglossiformes	249
ClaidentTutorial__Sample02__MiFish	045_unidentified_Cobitoidei	249
ClaidentTutorial__Sample02__MiFish	066_unidentified_Oryzias	249
ClaidentTutorial__Sample02__MiFish	079_unidentified_Osteobrama	249
ClaidentTutorial__Sample02__MiFish	152_unidentified_Acipenser	249
ClaidentTutorial__Sample02__MiFish	053_Kaupichthys_hyoproroides	248
ClaidentTutorial__Sample02__MiFish	089_Dicentrarchus_labrax	248
ClaidentTutorial__Sample02__MiFish	111_unidentified_Hypoptopoma	248
ClaidentTutorial__Sample02__MiFish	114_Chascanopsetta_lugubris	248
ClaidentTutorial__Sample02__MiFish	117_Zu_cristatus	248
ClaidentTutorial__Sample02__MiFish	159_unidentified_Chaetobranchopsis	248
ClaidentTutorial__Sample02__MiFish	024_unidentified_Pellonulinae	247
ClaidentTutorial__Sample02__MiFish	036_unidentified_Pristolepis	247
ClaidentTutorial__Sample02__MiFish	048_unidentified_Naso	247
ClaidentTutorial__Sample02__MiFish	051_unidentified_Pempheriformes	247
ClaidentTutorial__Sample02__MiFish	078_unidentified_Diplomystes	247
ClaidentTutorial__Sample02__MiFish	085_unidentified_Psilorhynchus	247
ClaidentTutorial__Sample02__MiFish	092_Pseudolabrus_eoethinus	247
ClaidentTutorial__Sample02__MiFish	093_Bothus_myriaster	247
ClaidentTutorial__Sample02__MiFish	144_Menidia_menidia	247
ClaidentTutorial__Sample02__MiFish	150_Chelonodontops_patoca	247
ClaidentTutorial__Sample02__MiFish	002_Pagothenia_borchgrevinki	246
ClaidentTutorial__Sample02__MiFish	003_unidentified_Johnius	246
ClaidentTutorial__Sample02__MiFish	007_unidentified_Tetraodontidae	246
ClaidentTutorial__Sample02__MiFish	010_Etroplus_maculatus	246
ClaidentTutorial__Sample02__MiFish	030_Dermogenys_pusilla	246
ClaidentTutorial__Sample02__MiFish	060_unidentified_Lebiasina	246
ClaidentTutorial__Sample02__MiFish	068_unidentified_Salminus	246
ClaidentTutorial__Sample02__MiFish	098_Selar_crumenophthalmus	246
ClaidentTutorial__Sample02__MiFish	125_Pagellus_bogaraveo	246
ClaidentTutorial__Sample02__MiFish	026_unidentified_Xenocypridinae	245
ClaidentTutorial__Sample02__MiFish	072_Eurypharynx_pelecanoides	245
ClaidentTutorial__Sample02__MiFish	081_unidentified_Eleotris	245
ClaidentTutorial__Sample02__MiFish	153_Etheostoma_spectabile	245
ClaidentTutorial__Sample02__MiFish	190_unidentified_Nothobranchius	245
ClaidentTutorial__Sample02__MiFish	008_unidentified_Echeneis	244
ClaidentTutorial__Sample02__MiFish	016_Petrocephalus_microphthalmus	244
ClaidentTutorial__Sample02__MiFish	064_unidentified_Macropodus	244
ClaidentTutorial__Sample02__MiFish	095_unidentified_Poecilia	244
ClaidentTutorial__Sample02__MiFish	113_unidentified_Stethaprioninae	244
ClaidentTutorial__Sample02__MiFish	155_unidentified_Labracinus	244
ClaidentTutorial__Sample02__MiFish	102_Coreoperca_kawamebari	243
ClaidentTutorial__Sample02__MiFish	131_Perccottus_glenii	243
ClaidentTutorial__Sample02__MiFish	042_unidentified_Glossogobius	242
ClaidentTutorial__Sample03__MiFish	001_unidentified_Osteoglossiformes	253
ClaidentTutorial__Sample03__MiFish	002_Pagothenia_borchgrevinki	253
ClaidentTutorial__Sample03__MiFish	095_unidentified_Poecilia	251
ClaidentTutorial__Sample03__MiFish	053_Kaupichthys_hyoproroides	250
ClaidentTutorial__Sample03__MiFish	092_Pseudolabrus_eoethinus	250
ClaidentTutorial__Sample03__MiFish	113_unidentified_Stethaprioninae	250
ClaidentTutorial__Sample03__MiFish	131_Perccottus_glenii	250
ClaidentTutorial__Sample03__MiFish	004_Cynoponticus_ferox	249
ClaidentTutorial__Sample03__MiFish	007_unidentified_Tetraodontidae	249
ClaidentTutorial__Sample03__MiFish	030_Dermogenys_pusilla	249
ClaidentTutorial__Sample03__MiFish	064_unidentified_Macropodus	249
ClaidentTutorial__Sample03__MiFish	098_Selar_crumenophthalmus	249
ClaidentTutorial__Sample03__MiFish	017_unidentified_Odacidae	248
ClaidentTutorial__Sample03__MiFish	060_unidentified_Lebiasina	248
ClaidentTutorial__Sample03__MiFish	062_Zeus_faber	248
ClaidentTutorial__Sample03__MiFish	072_Eurypharynx_pelecanoides	248
ClaidentTutorial__Sample03__MiFish	078_unidentified_Diplomystes	248
ClaidentTutorial__Sample03__MiFish	114_Chascanopsetta_lugubris	248
ClaidentTutorial__Sample03__MiFish	011_Fundulus_diaphanus	247
ClaidentTutorial__Sample03__MiFish	024_unidentified_Pellonulinae	247
ClaidentTutorial__Sample03__MiFish	042_unidentified_Glossogobius	247
ClaidentTutorial__Sample03__MiFish	046_unidentified_Samaris	247
ClaidentTutorial__Sample03__MiFish	081_unidentified_Eleotris	247
ClaidentTutorial__Sample03__MiFish	102_Coreoperca_kawamebari	247
ClaidentTutorial__Sample03__MiFish	111_unidentified_Hypoptopoma	247
ClaidentTutorial__Sample03__MiFish	127_unidentified_Sillago	247
ClaidentTutorial__Sample03__MiFish	176_unidentified_Danioninae	247
ClaidentTutorial__Sample03__MiFish	009_unidentified_Callionymidae	246
ClaidentTutorial__Sample03__MiFish	047_Pimelodus_pictus	246
ClaidentTutorial__Sample03__MiFish	079_unidentified_Osteobrama	246
ClaidentTutorial__Sample03__MiFish	089_Dicentrarchus_labrax	246
ClaidentTutorial__Sample03__MiFish	093_Bothus_myriaster	246
ClaidentTutorial__Sample03__MiFish	117_Zu_cristatus	246
ClaidentTutorial__Sample03__MiFish	003_unidentified_Johnius	245
ClaidentTutorial__Sample03__MiFish	010_Etroplus_maculatus	245
ClaidentTutorial__Sample03__MiFish	012_unidentified_Bathyclupea	245
ClaidentTutorial__Sample03__MiFish	028_Lepidosiren_paradoxa	245
ClaidentTutorial__Sample03__MiFish	045_unidentified_Cobitoidei	245
ClaidentTutorial__Sample03__MiFish	085_unidentified_Psilorhynchus	245
ClaidentTutorial__Sample03__MiFish	015_Scatophagus_argus	244
ClaidentTutorial__Sample03__MiFish	016_Petrocephalus_microphthalmus	244
ClaidentTutorial__Sample03__MiFish	036_unidentified_Pristolepis	244
ClaidentTutorial__Sample03__MiFish	051_unidentified_Pempheriformes	244
ClaidentTutorial__Sample03__MiFish	068_unidentified_Salminus	244
ClaidentTutorial__Sample03__MiFish	125_Pagellus_bogaraveo	244
ClaidentTutorial__Sample03__MiFish	019_unidentified_Channa	243
ClaidentTutorial__Sample03__MiFish	056_Tanakia_tanago	243
ClaidentTutorial__Sample03__MiFish	033_Pseudalutarius_nasicornis	242
ClaidentTutorial__Sample03__MiFish	066_unidentified_Oryzias	242
ClaidentTutorial__Sample03__MiFish	130_unidentified_Puntigrus	239
ClaidentTutorial__Sample04__MiFish	003_unidentified_Johnius	488
ClaidentTutorial__Sample04__MiFish	019_unidentified_Channa	253
ClaidentTutorial__Sample04__MiFish	010_Etroplus_maculatus	251
ClaidentTutorial__Sample04__MiFish	089_Dicentrarchus_labrax	251
ClaidentTutorial__Sample04__MiFish	016_Petrocephalus_microphthalmus	250
ClaidentTutorial__Sample04__MiFish	045_unidentified_Cobitoidei	250
ClaidentTutorial__Sample04__MiFish	011_Fundulus_diaphanus	249
ClaidentTutorial__Sample04__MiFish	033_Pseudalutarius_nasicornis	249
ClaidentTutorial__Sample04__MiFish	093_Bothus_myriaster	249
ClaidentTutorial__Sample04__MiFish	036_unidentified_Pristolepis	248
ClaidentTutorial__Sample04__MiFish	042_unidentified_Glossogobius	248
ClaidentTutorial__Sample04__MiFish	078_unidentified_Diplomystes	248
ClaidentTutorial__Sample04__MiFish	085_unidentified_Psilorhynchus	248
ClaidentTutorial__Sample04__MiFish	004_Cynoponticus_ferox	247
ClaidentTutorial__Sample04__MiFish	007_unidentified_Tetraodontidae	247
ClaidentTutorial__Sample04__MiFish	008_unidentified_Echeneis	247
ClaidentTutorial__Sample04__MiFish	012_unidentified_Bathyclupea	247
ClaidentTutorial__Sample04__MiFish	015_Scatophagus_argus	247
ClaidentTutorial__Sample04__MiFish	024_unidentified_Pellonulinae	247
ClaidentTutorial__Sample04__MiFish	030_Dermogenys_pusilla	247
ClaidentTutorial__Sample04__MiFish	046_unidentified_Samaris	247
ClaidentTutorial__Sample04__MiFish	047_Pimelodus_pictus	247
ClaidentTutorial__Sample04__MiFish	056_Tanakia_tanago	247
ClaidentTutorial__Sample04__MiFish	092_Pseudolabrus_eoethinus	247
ClaidentTutorial__Sample04__MiFish	102_Coreoperca_kawamebari	247
ClaidentTutorial__Sample04__MiFish	117_Zu_cristatus	247
ClaidentTutorial__Sample04__MiFish	171_Atractosteus_spatula	247
ClaidentTutorial__Sample04__MiFish	001_unidentified_Osteoglossiformes	246
ClaidentTutorial__Sample04__MiFish	064_unidentified_Macropodus	246
ClaidentTutorial__Sample04__MiFish	072_Eurypharynx_pelecanoides	246
ClaidentTutorial__Sample04__MiFish	079_unidentified_Osteobrama	246
ClaidentTutorial__Sample04__MiFish	098_Selar_crumenophthalmus	246
ClaidentTutorial__Sample04__MiFish	127_unidentified_Sillago	246
ClaidentTutorial__Sample04__MiFish	179_Anabas_testudineus	246
ClaidentTutorial__Sample04__MiFish	017_unidentified_Odacidae	245
ClaidentTutorial__Sample04__MiFish	032_unidentified_Melanotaeniidae	245
ClaidentTutorial__Sample04__MiFish	040_unidentified_Acropomatidae	245
ClaidentTutorial__Sample04__MiFish	051_unidentified_Pempheriformes	245
ClaidentTutorial__Sample04__MiFish	062_Zeus_faber	245
ClaidentTutorial__Sample04__MiFish	066_unidentified_Oryzias	245
ClaidentTutorial__Sample04__MiFish	068_unidentified_Salminus	245
ClaidentTutorial__Sample04__MiFish	095_unidentified_Poecilia	245
ClaidentTutorial__Sample04__MiFish	188_unidentified_Kyphosus	245
ClaidentTutorial__Sample04__MiFish	002_Pagothenia_borchgrevinki	244
ClaidentTutorial__Sample04__MiFish	009_unidentified_Callionymidae	244
ClaidentTutorial__Sample04__MiFish	058_Polymixia_japonica	244
ClaidentTutorial__Sample04__MiFish	081_unidentified_Eleotris	244
ClaidentTutorial__Sample04__MiFish	108_Ophisurus_macrorhynchos	244
ClaidentTutorial__Sample04__MiFish	028_Lepidosiren_paradoxa	243
ClaidentTutorial__Sample05__MiFish	003_unidentified_Johnius	495
ClaidentTutorial__Sample05__MiFish	024_unidentified_Pellonulinae	495
ClaidentTutorial__Sample05__MiFish	036_unidentified_Pristolepis	257
ClaidentTutorial__Sample05__MiFish	002_Pagothenia_borchgrevinki	251
ClaidentTutorial__Sample05__MiFish	006_Elagatis_bipinnulata	250
ClaidentTutorial__Sample05__MiFish	007_unidentified_Tetraodontidae	250
ClaidentTutorial__Sample05__MiFish	009_unidentified_Callionymidae	250
ClaidentTutorial__Sample05__MiFish	019_unidentified_Channa	250
ClaidentTutorial__Sample05__MiFish	033_Pseudalutarius_nasicornis	250
ClaidentTutorial__Sample05__MiFish	062_Zeus_faber	250
ClaidentTutorial__Sample05__MiFish	058_Polymixia_japonica	249
ClaidentTutorial__Sample05__MiFish	060_unidentified_Lebiasina	249
ClaidentTutorial__Sample05__MiFish	010_Etroplus_maculatus	248
ClaidentTutorial__Sample05__MiFish	017_unidentified_Odacidae	248
ClaidentTutorial__Sample05__MiFish	025_unidentified_Atherinopsinae	248
ClaidentTutorial__Sample05__MiFish	028_Lepidosiren_paradoxa	248
ClaidentTutorial__Sample05__MiFish	042_unidentified_Glossogobius	248
ClaidentTutorial__Sample05__MiFish	136_unidentified_Esociformes	248
ClaidentTutorial__Sample05__MiFish	167_Sufflamen_fraenatum	248
ClaidentTutorial__Sample05__MiFish	004_Cynoponticus_ferox	247
ClaidentTutorial__Sample05__MiFish	008_unidentified_Echeneis	247
ClaidentTutorial__Sample05__MiFish	015_Scatophagus_argus	247
ClaidentTutorial__Sample05__MiFish	032_unidentified_Melanotaeniidae	247
ClaidentTutorial__Sample05__MiFish	047_Pimelodus_pictus	247
ClaidentTutorial__Sample05__MiFish	051_unidentified_Pempheriformes	247
ClaidentTutorial__Sample05__MiFish	064_unidentified_Macropodus	247
ClaidentTutorial__Sample05__MiFish	078_unidentified_Diplomystes	247
ClaidentTutorial__Sample05__MiFish	079_unidentified_Osteobrama	247
ClaidentTutorial__Sample05__MiFish	081_unidentified_Eleotris	247
ClaidentTutorial__Sample05__MiFish	092_Pseudolabrus_eoethinus	247
ClaidentTutorial__Sample05__MiFish	045_unidentified_Cobitoidei	246
ClaidentTutorial__Sample05__MiFish	056_Tanakia_tanago	246
ClaidentTutorial__Sample05__MiFish	068_unidentified_Salminus	246
ClaidentTutorial__Sample05__MiFish	074_unidentified_Galaxias	246
ClaidentTutorial__Sample05__MiFish	085_unidentified_Psilorhynchus	246
ClaidentTutorial__Sample05__MiFish	128_Rastrelliger_brachysoma	246
ClaidentTutorial__Sample05__MiFish	012_unidentified_Bathyclupea	245
ClaidentTutorial__Sample05__MiFish	013_unidentified_Macrourinae	245
ClaidentTutorial__Sample05__MiFish	016_Petrocephalus_microphthalmus	245
ClaidentTutorial__Sample05__MiFish	040_unidentified_Acropomatidae	245
ClaidentTutorial__Sample05__MiFish	046_unidentified_Samaris	245
ClaidentTutorial__Sample05__MiFish	066_unidentified_Oryzias	245
ClaidentTutorial__Sample05__MiFish	100_Rhodeus_uyekii	245
ClaidentTutorial__Sample05__MiFish	001_unidentified_Osteoglossiformes	244
ClaidentTutorial__Sample05__MiFish	011_Fundulus_diaphanus	244
ClaidentTutorial__Sample05__MiFish	030_Dermogenys_pusilla	244
ClaidentTutorial__Sample05__MiFish	127_unidentified_Sillago	244
ClaidentTutorial__Sample05__MiFish	108_Ophisurus_macrorhynchos	243
ClaidentTutorial__Sample06__MiFish	003_unidentified_Johnius	497
ClaidentTutorial__Sample06__MiFish	024_unidentified_Pellonulinae	491
ClaidentTutorial__Sample06__MiFish	027_unidentified_Aphyosemion	255
ClaidentTutorial__Sample06__MiFish	007_unidentified_Tetraodontidae	252
ClaidentTutorial__Sample06__MiFish	032_unidentified_Melanotaeniidae	252
ClaidentTutorial__Sample06__MiFish	001_unidentified_Osteoglossiformes	251
ClaidentTutorial__Sample06__MiFish	016_Petrocephalus_microphthalmus	251
ClaidentTutorial__Sample06__MiFish	012_unidentified_Bathyclupea	250
ClaidentTutorial__Sample06__MiFish	058_Polymixia_japonica	250
ClaidentTutorial__Sample06__MiFish	046_unidentified_Samaris	249
ClaidentTutorial__Sample06__MiFish	051_unidentified_Pempheriformes	249
ClaidentTutorial__Sample06__MiFish	066_unidentified_Oryzias	249
ClaidentTutorial__Sample06__MiFish	002_Pagothenia_borchgrevinki	248
ClaidentTutorial__Sample06__MiFish	025_unidentified_Atherinopsinae	248
ClaidentTutorial__Sample06__MiFish	028_Lepidosiren_paradoxa	248
ClaidentTutorial__Sample06__MiFish	029_unidentified_Gonorynchus	248
ClaidentTutorial__Sample06__MiFish	031_Lates_calcarifer	248
ClaidentTutorial__Sample06__MiFish	060_unidentified_Lebiasina	248
ClaidentTutorial__Sample06__MiFish	061_unidentified_Megalops	248
ClaidentTutorial__Sample06__MiFish	074_unidentified_Galaxias	248
ClaidentTutorial__Sample06__MiFish	006_Elagatis_bipinnulata	247
ClaidentTutorial__Sample06__MiFish	015_Scatophagus_argus	247
ClaidentTutorial__Sample06__MiFish	017_unidentified_Odacidae	247
ClaidentTutorial__Sample06__MiFish	030_Dermogenys_pusilla	247
ClaidentTutorial__Sample06__MiFish	033_Pseudalutarius_nasicornis	247
ClaidentTutorial__Sample06__MiFish	056_Tanakia_tanago	247
ClaidentTutorial__Sample06__MiFish	068_unidentified_Salminus	247
ClaidentTutorial__Sample06__MiFish	082_unidentified_Genicanthus	247
ClaidentTutorial__Sample06__MiFish	100_Rhodeus_uyekii	247
ClaidentTutorial__Sample06__MiFish	005_Monopterus_albus	246
ClaidentTutorial__Sample06__MiFish	008_unidentified_Echeneis	246
ClaidentTutorial__Sample06__MiFish	036_unidentified_Pristolepis	246
ClaidentTutorial__Sample06__MiFish	045_unidentified_Cobitoidei	246
ClaidentTutorial__Sample06__MiFish	047_Pimelodus_pictus	246
ClaidentTutorial__Sample06__MiFish	063_unidentified_Belonidae	246
ClaidentTutorial__Sample06__MiFish	064_unidentified_Macropodus	246
ClaidentTutorial__Sample06__MiFish	119_unidentified_Percopsis	246
ClaidentTutorial__Sample06__MiFish	123_unidentified_Canthigaster	246
ClaidentTutorial__Sample06__MiFish	009_unidentified_Callionymidae	245
ClaidentTutorial__Sample06__MiFish	011_Fundulus_diaphanus	245
ClaidentTutorial__Sample06__MiFish	013_unidentified_Macrourinae	245
ClaidentTutorial__Sample06__MiFish	062_Zeus_faber	245
ClaidentTutorial__Sample06__MiFish	108_Ophisurus_macrorhynchos	245
ClaidentTutorial__Sample06__MiFish	128_Rastrelliger_brachysoma	245
ClaidentTutorial__Sample06__MiFish	004_Cynoponticus_ferox	244
ClaidentTutorial__Sample06__MiFish	040_unidentified_Acropomatidae	244
ClaidentTutorial__Sample06__MiFish	085_unidentified_Psilorhynchus	243
ClaidentTutorial__Sample06__MiFish	163_Mugilogobius_chulae	243
ClaidentTutorial__Sample07__MiFish	024_unidentified_Pellonulinae	490
ClaidentTutorial__Sample07__MiFish	136_unidentified_Esociformes	256
ClaidentTutorial__Sample07__MiFish	035_unidentified_Fundulopanchax	251
ClaidentTutorial__Sample07__MiFish	015_Scatophagus_argus	250
ClaidentTutorial__Sample07__MiFish	008_unidentified_Echeneis	249
ClaidentTutorial__Sample07__MiFish	017_unidentified_Odacidae	249
ClaidentTutorial__Sample07__MiFish	027_unidentified_Aphyosemion	249
ClaidentTutorial__Sample07__MiFish	031_Lates_calcarifer	249
ClaidentTutorial__Sample07__MiFish	047_Pimelodus_pictus	249
ClaidentTutorial__Sample07__MiFish	052_Beryx_decadactylus	249
ClaidentTutorial__Sample07__MiFish	062_Zeus_faber	249
ClaidentTutorial__Sample07__MiFish	011_Fundulus_diaphanus	248
ClaidentTutorial__Sample07__MiFish	060_unidentified_Lebiasina	248
ClaidentTutorial__Sample07__MiFish	025_unidentified_Atherinopsinae	247
ClaidentTutorial__Sample07__MiFish	041_unidentified_Brachymystax	247
ClaidentTutorial__Sample07__MiFish	045_unidentified_Cobitoidei	247
ClaidentTutorial__Sample07__MiFish	046_unidentified_Samaris	247
ClaidentTutorial__Sample07__MiFish	064_unidentified_Macropodus	247
ClaidentTutorial__Sample07__MiFish	074_unidentified_Galaxias	247
ClaidentTutorial__Sample07__MiFish	108_Ophisurus_macrorhynchos	247
ClaidentTutorial__Sample07__MiFish	016_Petrocephalus_microphthalmus	246
ClaidentTutorial__Sample07__MiFish	028_Lepidosiren_paradoxa	246
ClaidentTutorial__Sample07__MiFish	040_unidentified_Acropomatidae	246
ClaidentTutorial__Sample07__MiFish	051_unidentified_Pempheriformes	246
ClaidentTutorial__Sample07__MiFish	063_unidentified_Belonidae	246
ClaidentTutorial__Sample07__MiFish	065_Glossogobius_giuris	246
ClaidentTutorial__Sample07__MiFish	106_unidentified_Synodus	246
ClaidentTutorial__Sample07__MiFish	118_unidentified_Colomesus	246
ClaidentTutorial__Sample07__MiFish	119_unidentified_Percopsis	246
ClaidentTutorial__Sample07__MiFish	121_unidentified_Characidae	246
ClaidentTutorial__Sample07__MiFish	123_unidentified_Canthigaster	246
ClaidentTutorial__Sample07__MiFish	004_Cynoponticus_ferox	245
ClaidentTutorial__Sample07__MiFish	006_Elagatis_bipinnulata	245
ClaidentTutorial__Sample07__MiFish	012_unidentified_Bathyclupea	245
ClaidentTutorial__Sample07__MiFish	013_unidentified_Macrourinae	245
ClaidentTutorial__Sample07__MiFish	029_unidentified_Gonorynchus	245
ClaidentTutorial__Sample07__MiFish	033_Pseudalutarius_nasicornis	245
ClaidentTutorial__Sample07__MiFish	082_unidentified_Genicanthus	245
ClaidentTutorial__Sample07__MiFish	101_unidentified_Myctophidae	245
ClaidentTutorial__Sample07__MiFish	128_Rastrelliger_brachysoma	245
ClaidentTutorial__Sample07__MiFish	157_Hypomesus_nipponensis	245
ClaidentTutorial__Sample07__MiFish	001_unidentified_Osteoglossiformes	244
ClaidentTutorial__Sample07__MiFish	007_unidentified_Tetraodontidae	244
ClaidentTutorial__Sample07__MiFish	009_unidentified_Callionymidae	244
ClaidentTutorial__Sample07__MiFish	032_unidentified_Melanotaeniidae	244
ClaidentTutorial__Sample07__MiFish	163_Mugilogobius_chulae	244
ClaidentTutorial__Sample07__MiFish	005_Monopterus_albus	243
ClaidentTutorial__Sample07__MiFish	030_Dermogenys_pusilla	243
ClaidentTutorial__Sample07__MiFish	056_Tanakia_tanago	243
ClaidentTutorial__Sample08__MiFish	063_unidentified_Belonidae	252
ClaidentTutorial__Sample08__MiFish	001_unidentified_Osteoglossiformes	251
ClaidentTutorial__Sample08__MiFish	016_Petrocephalus_microphthalmus	250
ClaidentTutorial__Sample08__MiFish	035_unidentified_Fundulopanchax	250
ClaidentTutorial__Sample08__MiFish	005_Monopterus_albus	249
ClaidentTutorial__Sample08__MiFish	014_unidentified_Rhodeus	249
ClaidentTutorial__Sample08__MiFish	015_Scatophagus_argus	249
ClaidentTutorial__Sample08__MiFish	027_unidentified_Aphyosemion	249
ClaidentTutorial__Sample08__MiFish	029_unidentified_Gonorynchus	249
ClaidentTutorial__Sample08__MiFish	082_unidentified_Genicanthus	249
ClaidentTutorial__Sample08__MiFish	009_unidentified_Callionymidae	248
ClaidentTutorial__Sample08__MiFish	011_Fundulus_diaphanus	248
ClaidentTutorial__Sample08__MiFish	017_unidentified_Odacidae	248
ClaidentTutorial__Sample08__MiFish	040_unidentified_Acropomatidae	248
ClaidentTutorial__Sample08__MiFish	052_Beryx_decadactylus	248
ClaidentTutorial__Sample08__MiFish	065_Glossogobius_giuris	248
ClaidentTutorial__Sample08__MiFish	109_Cynoglossus_puncticeps	248
ClaidentTutorial__Sample08__MiFish	118_unidentified_Colomesus	248
ClaidentTutorial__Sample08__MiFish	119_unidentified_Percopsis	248
ClaidentTutorial__Sample08__MiFish	121_unidentified_Characidae	248
ClaidentTutorial__Sample08__MiFish	124_unidentified_Oreichthys	248
ClaidentTutorial__Sample08__MiFish	006_Elagatis_bipinnulata	247
ClaidentTutorial__Sample08__MiFish	008_unidentified_Echeneis	247
ClaidentTutorial__Sample08__MiFish	025_unidentified_Atherinopsinae	247
ClaidentTutorial__Sample08__MiFish	030_Dermogenys_pusilla	247
ClaidentTutorial__Sample08__MiFish	031_Lates_calcarifer	247
ClaidentTutorial__Sample08__MiFish	032_unidentified_Melanotaeniidae	247
ClaidentTutorial__Sample08__MiFish	056_Tanakia_tanago	247
ClaidentTutorial__Sample08__MiFish	074_unidentified_Galaxias	247
ClaidentTutorial__Sample08__MiFish	101_unidentified_Myctophidae	247
ClaidentTutorial__Sample08__MiFish	105_unidentified_Corydoras	247
ClaidentTutorial__Sample08__MiFish	138_Otolithes_ruber	247
ClaidentTutorial__Sample08__MiFish	024_unidentified_Pellonulinae	246
ClaidentTutorial__Sample08__MiFish	062_Zeus_faber	246
ClaidentTutorial__Sample08__MiFish	123_unidentified_Canthigaster	246
ClaidentTutorial__Sample08__MiFish	157_Hypomesus_nipponensis	246
ClaidentTutorial__Sample08__MiFish	002_Pagothenia_borchgrevinki	245
ClaidentTutorial__Sample08__MiFish	007_unidentified_Tetraodontidae	245
ClaidentTutorial__Sample08__MiFish	013_unidentified_Macrourinae	245
ClaidentTutorial__Sample08__MiFish	021_Anyperodon_leucogrammicus	245
ClaidentTutorial__Sample08__MiFish	041_unidentified_Brachymystax	245
ClaidentTutorial__Sample08__MiFish	047_Pimelodus_pictus	245
ClaidentTutorial__Sample08__MiFish	060_unidentified_Lebiasina	245
ClaidentTutorial__Sample08__MiFish	129_Variola_albimarginata	245
ClaidentTutorial__Sample08__MiFish	012_unidentified_Bathyclupea	244
ClaidentTutorial__Sample08__MiFish	046_unidentified_Samaris	244
ClaidentTutorial__Sample08__MiFish	077_unidentified_Symphurus	244
ClaidentTutorial__Sample08__MiFish	106_unidentified_Synodus	244
ClaidentTutorial__Sample08__MiFish	033_Pseudalutarius_nasicornis	243
ClaidentTutorial__Sample08__MiFish	135_Sardinella_longiceps	242
ClaidentTutorial__Sample09__MiFish	001_unidentified_Osteoglossiformes	491
ClaidentTutorial__Sample09__MiFish	027_unidentified_Aphyosemion	258
ClaidentTutorial__Sample09__MiFish	029_unidentified_Gonorynchus	252
ClaidentTutorial__Sample09__MiFish	077_unidentified_Symphurus	250
ClaidentTutorial__Sample09__MiFish	105_unidentified_Corydoras	250
ClaidentTutorial__Sample09__MiFish	011_Fundulus_diaphanus	249
ClaidentTutorial__Sample09__MiFish	015_Scatophagus_argus	249
ClaidentTutorial__Sample09__MiFish	017_unidentified_Odacidae	249
ClaidentTutorial__Sample09__MiFish	072_Eurypharynx_pelecanoides	249
ClaidentTutorial__Sample09__MiFish	074_unidentified_Galaxias	249
ClaidentTutorial__Sample09__MiFish	106_unidentified_Synodus	249
ClaidentTutorial__Sample09__MiFish	138_Otolithes_ruber	249
ClaidentTutorial__Sample09__MiFish	005_Monopterus_albus	248
ClaidentTutorial__Sample09__MiFish	006_Elagatis_bipinnulata	248
ClaidentTutorial__Sample09__MiFish	009_unidentified_Callionymidae	248
ClaidentTutorial__Sample09__MiFish	014_unidentified_Rhodeus	248
ClaidentTutorial__Sample09__MiFish	031_Lates_calcarifer	248
ClaidentTutorial__Sample09__MiFish	033_Pseudalutarius_nasicornis	248
ClaidentTutorial__Sample09__MiFish	087_unidentified_Cyclopsettidae	248
ClaidentTutorial__Sample09__MiFish	094_unidentified_Nothobranchiidae	248
ClaidentTutorial__Sample09__MiFish	012_unidentified_Bathyclupea	247
ClaidentTutorial__Sample09__MiFish	021_Anyperodon_leucogrammicus	247
ClaidentTutorial__Sample09__MiFish	047_Pimelodus_pictus	247
ClaidentTutorial__Sample09__MiFish	048_unidentified_Naso	247
ClaidentTutorial__Sample09__MiFish	007_unidentified_Tetraodontidae	246
ClaidentTutorial__Sample09__MiFish	032_unidentified_Melanotaeniidae	246
ClaidentTutorial__Sample09__MiFish	035_unidentified_Fundulopanchax	246
ClaidentTutorial__Sample09__MiFish	037_Minytrema_melanops	246
ClaidentTutorial__Sample09__MiFish	041_unidentified_Brachymystax	246
ClaidentTutorial__Sample09__MiFish	056_Tanakia_tanago	246
ClaidentTutorial__Sample09__MiFish	088_Epinephelus_areolatus	246
ClaidentTutorial__Sample09__MiFish	109_Cynoglossus_puncticeps	246
ClaidentTutorial__Sample09__MiFish	118_unidentified_Colomesus	246
ClaidentTutorial__Sample09__MiFish	008_unidentified_Echeneis	245
ClaidentTutorial__Sample09__MiFish	040_unidentified_Acropomatidae	245
ClaidentTutorial__Sample09__MiFish	065_Glossogobius_giuris	245
ClaidentTutorial__Sample09__MiFish	082_unidentified_Genicanthus	245
ClaidentTutorial__Sample09__MiFish	121_unidentified_Characidae	245
ClaidentTutorial__Sample09__MiFish	122_unidentified_Bathygadus	245
ClaidentTutorial__Sample09__MiFish	185_Muraenesox_bagio	245
ClaidentTutorial__Sample09__MiFish	030_Dermogenys_pusilla	244
ClaidentTutorial__Sample09__MiFish	063_unidentified_Belonidae	244
ClaidentTutorial__Sample09__MiFish	101_unidentified_Myctophidae	244
ClaidentTutorial__Sample09__MiFish	124_unidentified_Oreichthys	244
ClaidentTutorial__Sample09__MiFish	161_unidentified_Bothidae	244
ClaidentTutorial__Sample09__MiFish	002_Pagothenia_borchgrevinki	243
ClaidentTutorial__Sample09__MiFish	025_unidentified_Atherinopsinae	243
ClaidentTutorial__Sample09__MiFish	052_Beryx_decadactylus	243
ClaidentTutorial__Sample09__MiFish	135_Sardinella_longiceps	241
ClaidentTutorial__Sample10__MiFish	001_unidentified_Osteoglossiformes	498
ClaidentTutorial__Sample10__MiFish	030_Dermogenys_pusilla	254
ClaidentTutorial__Sample10__MiFish	077_unidentified_Symphurus	253
ClaidentTutorial__Sample10__MiFish	040_unidentified_Acropomatidae	251
ClaidentTutorial__Sample10__MiFish	002_Pagothenia_borchgrevinki	250
ClaidentTutorial__Sample10__MiFish	009_unidentified_Callionymidae	250
ClaidentTutorial__Sample10__MiFish	011_Fundulus_diaphanus	250
ClaidentTutorial__Sample10__MiFish	017_unidentified_Odacidae	250
ClaidentTutorial__Sample10__MiFish	141_unidentified_Opsaridium	250
ClaidentTutorial__Sample10__MiFish	037_Minytrema_melanops	249
ClaidentTutorial__Sample10__MiFish	038_unidentified_Malapterurus	249
ClaidentTutorial__Sample10__MiFish	109_Cynoglossus_puncticeps	249
ClaidentTutorial__Sample10__MiFish	007_unidentified_Tetraodontidae	248
ClaidentTutorial__Sample10__MiFish	020_unidentified_Helicolenus	248
ClaidentTutorial__Sample10__MiFish	032_unidentified_Melanotaeniidae	248
ClaidentTutorial__Sample10__MiFish	033_Pseudalutarius_nasicornis	248
ClaidentTutorial__Sample10__MiFish	063_unidentified_Belonidae	248
ClaidentTutorial__Sample10__MiFish	101_unidentified_Myctophidae	248
ClaidentTutorial__Sample10__MiFish	004_Cynoponticus_ferox	247
ClaidentTutorial__Sample10__MiFish	096_unidentified_Epinephelini	247
ClaidentTutorial__Sample10__MiFish	129_Variola_albimarginata	247
ClaidentTutorial__Sample10__MiFish	005_Monopterus_albus	246
ClaidentTutorial__Sample10__MiFish	015_Scatophagus_argus	246
ClaidentTutorial__Sample10__MiFish	021_Anyperodon_leucogrammicus	246
ClaidentTutorial__Sample10__MiFish	029_unidentified_Gonorynchus	246
ClaidentTutorial__Sample10__MiFish	031_Lates_calcarifer	246
ClaidentTutorial__Sample10__MiFish	035_unidentified_Fundulopanchax	246
ClaidentTutorial__Sample10__MiFish	088_Epinephelus_areolatus	246
ClaidentTutorial__Sample10__MiFish	122_unidentified_Bathygadus	246
ClaidentTutorial__Sample10__MiFish	124_unidentified_Oreichthys	246
ClaidentTutorial__Sample10__MiFish	135_Sardinella_longiceps	246
ClaidentTutorial__Sample10__MiFish	006_Elagatis_bipinnulata	245
ClaidentTutorial__Sample10__MiFish	008_unidentified_Echeneis	245
ClaidentTutorial__Sample10__MiFish	019_unidentified_Channa	245
ClaidentTutorial__Sample10__MiFish	065_Glossogobius_giuris	245
ClaidentTutorial__Sample10__MiFish	067_unidentified_Campylomormyrus	245
ClaidentTutorial__Sample10__MiFish	082_unidentified_Genicanthus	245
ClaidentTutorial__Sample10__MiFish	087_unidentified_Cyclopsettidae	245
ClaidentTutorial__Sample10__MiFish	012_unidentified_Bathyclupea	244
ClaidentTutorial__Sample10__MiFish	027_unidentified_Aphyosemion	244
ClaidentTutorial__Sample10__MiFish	048_unidentified_Naso	244
ClaidentTutorial__Sample10__MiFish	094_unidentified_Nothobranchiidae	244
ClaidentTutorial__Sample10__MiFish	161_unidentified_Bothidae	244
ClaidentTutorial__Sample10__MiFish	014_unidentified_Rhodeus	243
ClaidentTutorial__Sample10__MiFish	023_Callanthias_japonicus	243
ClaidentTutorial__Sample10__MiFish	055_unidentified_Lateolabrax	243
ClaidentTutorial__Sample10__MiFish	105_unidentified_Corydoras	243
ClaidentTutorial__Sample10__MiFish	106_unidentified_Synodus	243
ClaidentTutorial__Sample10__MiFish	052_Beryx_decadactylus	242
ClaidentTutorial__Sample11__MiFish	001_unidentified_Osteoglossiformes	501
ClaidentTutorial__Sample11__MiFish	027_unidentified_Aphyosemion	253
ClaidentTutorial__Sample11__MiFish	038_unidentified_Malapterurus	251
ClaidentTutorial__Sample11__MiFish	007_unidentified_Tetraodontidae	250
ClaidentTutorial__Sample11__MiFish	011_Fundulus_diaphanus	250
ClaidentTutorial__Sample11__MiFish	021_Anyperodon_leucogrammicus	250
ClaidentTutorial__Sample11__MiFish	004_Cynoponticus_ferox	249
ClaidentTutorial__Sample11__MiFish	015_Scatophagus_argus	249
ClaidentTutorial__Sample11__MiFish	020_unidentified_Helicolenus	249
ClaidentTutorial__Sample11__MiFish	048_unidentified_Naso	249
ClaidentTutorial__Sample11__MiFish	094_unidentified_Nothobranchiidae	249
ClaidentTutorial__Sample11__MiFish	002_Pagothenia_borchgrevinki	248
ClaidentTutorial__Sample11__MiFish	005_Monopterus_albus	248
ClaidentTutorial__Sample11__MiFish	008_unidentified_Echeneis	248
ClaidentTutorial__Sample11__MiFish	009_unidentified_Callionymidae	248
ClaidentTutorial__Sample11__MiFish	012_unidentified_Bathyclupea	248
ClaidentTutorial__Sample11__MiFish	029_unidentified_Gonorynchus	248
ClaidentTutorial__Sample11__MiFish	035_unidentified_Fundulopanchax	248
ClaidentTutorial__Sample11__MiFish	040_unidentified_Acropomatidae	248
ClaidentTutorial__Sample11__MiFish	059_unidentified_Epiplatys	248
ClaidentTutorial__Sample11__MiFish	096_unidentified_Epinephelini	248
ClaidentTutorial__Sample11__MiFish	170_unidentified_Priacanthus	248
ClaidentTutorial__Sample11__MiFish	032_unidentified_Melanotaeniidae	247
ClaidentTutorial__Sample11__MiFish	122_unidentified_Bathygadus	247
ClaidentTutorial__Sample11__MiFish	145_Uranoscopus_cognatus	247
ClaidentTutorial__Sample11__MiFish	160_unidentified_Trichopodus	247
ClaidentTutorial__Sample11__MiFish	006_Elagatis_bipinnulata	246
ClaidentTutorial__Sample11__MiFish	010_Etroplus_maculatus	246
ClaidentTutorial__Sample11__MiFish	014_unidentified_Rhodeus	246
ClaidentTutorial__Sample11__MiFish	018_unidentified_Euteleosteomorpha	246
ClaidentTutorial__Sample11__MiFish	037_Minytrema_melanops	246
ClaidentTutorial__Sample11__MiFish	039_unidentified_Osteochilus	246
ClaidentTutorial__Sample11__MiFish	050_Plectropomus_areolatus	246
ClaidentTutorial__Sample11__MiFish	052_Beryx_decadactylus	246
ClaidentTutorial__Sample11__MiFish	063_unidentified_Belonidae	246
ClaidentTutorial__Sample11__MiFish	067_unidentified_Campylomormyrus	246
ClaidentTutorial__Sample11__MiFish	141_unidentified_Opsaridium	246
ClaidentTutorial__Sample11__MiFish	031_Lates_calcarifer	245
ClaidentTutorial__Sample11__MiFish	019_unidentified_Channa	244
ClaidentTutorial__Sample11__MiFish	023_Callanthias_japonicus	244
ClaidentTutorial__Sample11__MiFish	065_Glossogobius_giuris	244
ClaidentTutorial__Sample11__MiFish	077_unidentified_Symphurus	244
ClaidentTutorial__Sample11__MiFish	087_unidentified_Cyclopsettidae	244
ClaidentTutorial__Sample11__MiFish	129_Variola_albimarginata	244
ClaidentTutorial__Sample11__MiFish	196_unidentified_Parupeneus	244
ClaidentTutorial__Sample11__MiFish	017_unidentified_Odacidae	243
ClaidentTutorial__Sample11__MiFish	022_unidentified_Poromitra	242
ClaidentTutorial__Sample11__MiFish	105_unidentified_Corydoras	242
ClaidentTutorial__Sample11__MiFish	055_unidentified_Lateolabrax	241
ClaidentTutorial__Sample12__MiFish	001_unidentified_Osteoglossiformes	494
ClaidentTutorial__Sample12__MiFish	007_unidentified_Tetraodontidae	493
ClaidentTutorial__Sample12__MiFish	010_Etroplus_maculatus	254
ClaidentTutorial__Sample12__MiFish	006_Elagatis_bipinnulata	251
ClaidentTutorial__Sample12__MiFish	009_unidentified_Callionymidae	251
ClaidentTutorial__Sample12__MiFish	015_Scatophagus_argus	250
ClaidentTutorial__Sample12__MiFish	035_unidentified_Fundulopanchax	250
ClaidentTutorial__Sample12__MiFish	036_unidentified_Pristolepis	250
ClaidentTutorial__Sample12__MiFish	052_Beryx_decadactylus	250
ClaidentTutorial__Sample12__MiFish	065_Glossogobius_giuris	250
ClaidentTutorial__Sample12__MiFish	011_Fundulus_diaphanus	249
ClaidentTutorial__Sample12__MiFish	018_unidentified_Euteleosteomorpha	249
ClaidentTutorial__Sample12__MiFish	022_unidentified_Poromitra	249
ClaidentTutorial__Sample12__MiFish	037_Minytrema_melanops	249
ClaidentTutorial__Sample12__MiFish	020_unidentified_Helicolenus	248
ClaidentTutorial__Sample12__MiFish	021_Anyperodon_leucogrammicus	248
ClaidentTutorial__Sample12__MiFish	023_Callanthias_japonicus	248
ClaidentTutorial__Sample12__MiFish	029_unidentified_Gonorynchus	248
ClaidentTutorial__Sample12__MiFish	034_unidentified_Stomias	248
ClaidentTutorial__Sample12__MiFish	055_unidentified_Lateolabrax	248
ClaidentTutorial__Sample12__MiFish	168_unidentified_Acantopsis	248
ClaidentTutorial__Sample12__MiFish	008_unidentified_Echeneis	247
ClaidentTutorial__Sample12__MiFish	039_unidentified_Osteochilus	247
ClaidentTutorial__Sample12__MiFish	059_unidentified_Epiplatys	247
ClaidentTutorial__Sample12__MiFish	067_unidentified_Campylomormyrus	247
ClaidentTutorial__Sample12__MiFish	087_unidentified_Cyclopsettidae	247
ClaidentTutorial__Sample12__MiFish	096_unidentified_Epinephelini	247
ClaidentTutorial__Sample12__MiFish	142_Cynoglossus_bilineatus	247
ClaidentTutorial__Sample12__MiFish	145_Uranoscopus_cognatus	247
ClaidentTutorial__Sample12__MiFish	012_unidentified_Bathyclupea	246
ClaidentTutorial__Sample12__MiFish	014_unidentified_Rhodeus	246
ClaidentTutorial__Sample12__MiFish	019_unidentified_Channa	246
ClaidentTutorial__Sample12__MiFish	031_Lates_calcarifer	246
ClaidentTutorial__Sample12__MiFish	043_unidentified_Solea	246
ClaidentTutorial__Sample12__MiFish	147_unidentified_Eigenmannia	246
ClaidentTutorial__Sample12__MiFish	156_unidentified_Oreosomatidae	246
ClaidentTutorial__Sample12__MiFish	004_Cynoponticus_ferox	245
ClaidentTutorial__Sample12__MiFish	032_unidentified_Melanotaeniidae	245
ClaidentTutorial__Sample12__MiFish	048_unidentified_Naso	245
ClaidentTutorial__Sample12__MiFish	077_unidentified_Symphurus	245
ClaidentTutorial__Sample12__MiFish	097_unidentified_Symphysodon	245
ClaidentTutorial__Sample12__MiFish	002_Pagothenia_borchgrevinki	244
ClaidentTutorial__Sample12__MiFish	005_Monopterus_albus	244
ClaidentTutorial__Sample12__MiFish	038_unidentified_Malapterurus	244
ClaidentTutorial__Sample12__MiFish	050_Plectropomus_areolatus	244
ClaidentTutorial__Sample12__MiFish	027_unidentified_Aphyosemion	243
ClaidentTutorial__Sample12__MiFish	160_unidentified_Trichopodus	242
ClaidentTutorial__Sample12__MiFish	198_Redigobius_bikolanus	242
ClaidentTutorial__Sample13__MiFish	019_unidentified_Channa	494
ClaidentTutorial__Sample13__MiFish	001_unidentified_Osteoglossiformes	492
ClaidentTutorial__Sample13__MiFish	071_unidentified_Anoplocapros	253
ClaidentTutorial__Sample13__MiFish	004_Cynoponticus_ferox	250
ClaidentTutorial__Sample13__MiFish	009_unidentified_Callionymidae	250
ClaidentTutorial__Sample13__MiFish	006_Elagatis_bipinnulata	249
ClaidentTutorial__Sample13__MiFish	013_unidentified_Macrourinae	249
ClaidentTutorial__Sample13__MiFish	026_unidentified_Xenocypridinae	249
ClaidentTutorial__Sample13__MiFish	050_Plectropomus_areolatus	249
ClaidentTutorial__Sample13__MiFish	097_unidentified_Symphysodon	249
ClaidentTutorial__Sample13__MiFish	002_Pagothenia_borchgrevinki	248
ClaidentTutorial__Sample13__MiFish	005_Monopterus_albus	248
ClaidentTutorial__Sample13__MiFish	018_unidentified_Euteleosteomorpha	248
ClaidentTutorial__Sample13__MiFish	034_unidentified_Stomias	248
ClaidentTutorial__Sample13__MiFish	038_unidentified_Malapterurus	248
ClaidentTutorial__Sample13__MiFish	055_unidentified_Lateolabrax	248
ClaidentTutorial__Sample13__MiFish	142_Cynoglossus_bilineatus	248
ClaidentTutorial__Sample13__MiFish	147_unidentified_Eigenmannia	248
ClaidentTutorial__Sample13__MiFish	008_unidentified_Echeneis	247
ClaidentTutorial__Sample13__MiFish	011_Fundulus_diaphanus	247
ClaidentTutorial__Sample13__MiFish	015_Scatophagus_argus	247
ClaidentTutorial__Sample13__MiFish	020_unidentified_Helicolenus	247
ClaidentTutorial__Sample13__MiFish	027_unidentified_Aphyosemion	247
ClaidentTutorial__Sample13__MiFish	035_unidentified_Fundulopanchax	247
ClaidentTutorial__Sample13__MiFish	037_Minytrema_melanops	247
ClaidentTutorial__Sample13__MiFish	048_unidentified_Naso	247
ClaidentTutorial__Sample13__MiFish	021_Anyperodon_leucogrammicus	246
ClaidentTutorial__Sample13__MiFish	059_unidentified_Epiplatys	246
ClaidentTutorial__Sample13__MiFish	067_unidentified_Campylomormyrus	246
ClaidentTutorial__Sample13__MiFish	100_Rhodeus_uyekii	246
ClaidentTutorial__Sample13__MiFish	110_unidentified_Gobionellinae	246
ClaidentTutorial__Sample13__MiFish	156_unidentified_Oreosomatidae	246
ClaidentTutorial__Sample13__MiFish	031_Lates_calcarifer	245
ClaidentTutorial__Sample13__MiFish	036_unidentified_Pristolepis	245
ClaidentTutorial__Sample13__MiFish	039_unidentified_Osteochilus	245
ClaidentTutorial__Sample13__MiFish	043_unidentified_Solea	245
ClaidentTutorial__Sample13__MiFish	052_Beryx_decadactylus	245
ClaidentTutorial__Sample13__MiFish	134_Parapristipoma_trilineatum	245
ClaidentTutorial__Sample13__MiFish	146_unidentified_Cichlasomatinae	245
ClaidentTutorial__Sample13__MiFish	007_unidentified_Tetraodontidae	244
ClaidentTutorial__Sample13__MiFish	010_Etroplus_maculatus	244
ClaidentTutorial__Sample13__MiFish	022_unidentified_Poromitra	244
ClaidentTutorial__Sample13__MiFish	023_Callanthias_japonicus	244
ClaidentTutorial__Sample13__MiFish	096_unidentified_Epinephelini	244
ClaidentTutorial__Sample13__MiFish	061_unidentified_Megalops	243
ClaidentTutorial__Sample13__MiFish	151_Petroscirtes_breviceps	243
ClaidentTutorial__Sample13__MiFish	014_unidentified_Rhodeus	242
ClaidentTutorial__Sample13__MiFish	087_unidentified_Cyclopsettidae	242
ClaidentTutorial__Sample14__MiFish	018_unidentified_Euteleosteomorpha	495
ClaidentTutorial__Sample14__MiFish	001_unidentified_Osteoglossiformes	492
ClaidentTutorial__Sample14__MiFish	009_unidentified_Callionymidae	254
ClaidentTutorial__Sample14__MiFish	004_Cynoponticus_ferox	250
ClaidentTutorial__Sample14__MiFish	044_unidentified_Sundasalanx	250
ClaidentTutorial__Sample14__MiFish	151_Petroscirtes_breviceps	250
ClaidentTutorial__Sample14__MiFish	037_Minytrema_melanops	249
ClaidentTutorial__Sample14__MiFish	061_unidentified_Megalops	249
ClaidentTutorial__Sample14__MiFish	146_unidentified_Cichlasomatinae	249
ClaidentTutorial__Sample14__MiFish	006_Elagatis_bipinnulata	248
ClaidentTutorial__Sample14__MiFish	010_Etroplus_maculatus	248
ClaidentTutorial__Sample14__MiFish	013_unidentified_Macrourinae	248
ClaidentTutorial__Sample14__MiFish	020_unidentified_Helicolenus	248
ClaidentTutorial__Sample14__MiFish	022_unidentified_Poromitra	248
ClaidentTutorial__Sample14__MiFish	026_unidentified_Xenocypridinae	248
ClaidentTutorial__Sample14__MiFish	039_unidentified_Osteochilus	248
ClaidentTutorial__Sample14__MiFish	059_unidentified_Epiplatys	248
ClaidentTutorial__Sample14__MiFish	071_unidentified_Anoplocapros	248
ClaidentTutorial__Sample14__MiFish	005_Monopterus_albus	247
ClaidentTutorial__Sample14__MiFish	008_unidentified_Echeneis	247
ClaidentTutorial__Sample14__MiFish	014_unidentified_Rhodeus	247
ClaidentTutorial__Sample14__MiFish	031_Lates_calcarifer	247
ClaidentTutorial__Sample14__MiFish	035_unidentified_Fundulopanchax	247
ClaidentTutorial__Sample14__MiFish	038_unidentified_Malapterurus	247
ClaidentTutorial__Sample14__MiFish	054_unidentified_Emmelichthyidae	247
ClaidentTutorial__Sample14__MiFish	073_unidentified_Coilinae	247
ClaidentTutorial__Sample14__MiFish	115_Pseudorhombus_dupliciocellatus	247
ClaidentTutorial__Sample14__MiFish	149_unidentified_Sphyraena	247
ClaidentTutorial__Sample14__MiFish	007_unidentified_Tetraodontidae	246
ClaidentTutorial__Sample14__MiFish	023_Callanthias_japonicus	246
ClaidentTutorial__Sample14__MiFish	027_unidentified_Aphyosemion	246
ClaidentTutorial__Sample14__MiFish	041_unidentified_Brachymystax	246
ClaidentTutorial__Sample14__MiFish	043_unidentified_Solea	246
ClaidentTutorial__Sample14__MiFish	055_unidentified_Lateolabrax	246
ClaidentTutorial__Sample14__MiFish	097_unidentified_Symphysodon	246
ClaidentTutorial__Sample14__MiFish	100_Rhodeus_uyekii	246
ClaidentTutorial__Sample14__MiFish	110_unidentified_Gobionellinae	246
ClaidentTutorial__Sample14__MiFish	049_Cephalopholis_argus	245
ClaidentTutorial__Sample14__MiFish	002_Pagothenia_borchgrevinki	244
ClaidentTutorial__Sample14__MiFish	050_Plectropomus_areolatus	244
ClaidentTutorial__Sample14__MiFish	067_unidentified_Campylomormyrus	244
ClaidentTutorial__Sample14__MiFish	083_unidentified_Gerres	244
ClaidentTutorial__Sample14__MiFish	192_Eumegistus_illustris	244
ClaidentTutorial__Sample14__MiFish	011_Fundulus_diaphanus	243
ClaidentTutorial__Sample14__MiFish	019_unidentified_Channa	243
ClaidentTutorial__Sample14__MiFish	021_Anyperodon_leucogrammicus	243
ClaidentTutorial__Sample14__MiFish	034_unidentified_Stomias	243
ClaidentTutorial__Sample14__MiFish	134_Parapristipoma_trilineatum	243
ClaidentTutorial__Sample15__MiFish	001_unidentified_Osteoglossiformes	492
ClaidentTutorial__Sample15__MiFish	018_unidentified_Euteleosteomorpha	489
ClaidentTutorial__Sample15__MiFish	003_unidentified_Johnius	251
ClaidentTutorial__Sample15__MiFish	110_unidentified_Gobionellinae	251
ClaidentTutorial__Sample15__MiFish	020_unidentified_Helicolenus	250
ClaidentTutorial__Sample15__MiFish	021_Anyperodon_leucogrammicus	250
ClaidentTutorial__Sample15__MiFish	023_Callanthias_japonicus	250
ClaidentTutorial__Sample15__MiFish	054_unidentified_Emmelichthyidae	250
ClaidentTutorial__Sample15__MiFish	057_Macrognathus_pancalus	250
ClaidentTutorial__Sample15__MiFish	073_unidentified_Coilinae	250
ClaidentTutorial__Sample15__MiFish	005_Monopterus_albus	249
ClaidentTutorial__Sample15__MiFish	039_unidentified_Osteochilus	249
ClaidentTutorial__Sample15__MiFish	041_unidentified_Brachymystax	249
ClaidentTutorial__Sample15__MiFish	050_Plectropomus_areolatus	249
ClaidentTutorial__Sample15__MiFish	008_unidentified_Echeneis	248
ClaidentTutorial__Sample15__MiFish	037_Minytrema_melanops	248
ClaidentTutorial__Sample15__MiFish	044_unidentified_Sundasalanx	248
ClaidentTutorial__Sample15__MiFish	061_unidentified_Megalops	248
ClaidentTutorial__Sample15__MiFish	067_unidentified_Campylomormyrus	248
ClaidentTutorial__Sample15__MiFish	069_unidentified_Siluroidei	248
ClaidentTutorial__Sample15__MiFish	071_unidentified_Anoplocapros	248
ClaidentTutorial__Sample15__MiFish	165_Ateleopus_japonicus	248
ClaidentTutorial__Sample15__MiFish	009_unidentified_Callionymidae	247
ClaidentTutorial__Sample15__MiFish	059_unidentified_Epiplatys	247
ClaidentTutorial__Sample15__MiFish	075_Mugil_curema	247
ClaidentTutorial__Sample15__MiFish	112_unidentified_Poeciliopsis	247
ClaidentTutorial__Sample15__MiFish	115_Pseudorhombus_dupliciocellatus	247
ClaidentTutorial__Sample15__MiFish	149_unidentified_Sphyraena	247
ClaidentTutorial__Sample15__MiFish	004_Cynoponticus_ferox	246
ClaidentTutorial__Sample15__MiFish	006_Elagatis_bipinnulata	246
ClaidentTutorial__Sample15__MiFish	022_unidentified_Poromitra	246
ClaidentTutorial__Sample15__MiFish	026_unidentified_Xenocypridinae	246
ClaidentTutorial__Sample15__MiFish	038_unidentified_Malapterurus	246
ClaidentTutorial__Sample15__MiFish	097_unidentified_Symphysodon	246
ClaidentTutorial__Sample15__MiFish	034_unidentified_Stomias	245
ClaidentTutorial__Sample15__MiFish	043_unidentified_Solea	245
ClaidentTutorial__Sample15__MiFish	049_Cephalopholis_argus	245
ClaidentTutorial__Sample15__MiFish	055_unidentified_Lateolabrax	245
ClaidentTutorial__Sample15__MiFish	070_unidentified_Ambassis	245
ClaidentTutorial__Sample15__MiFish	083_unidentified_Gerres	245
ClaidentTutorial__Sample15__MiFish	143_Parazen_pacificus	245
ClaidentTutorial__Sample15__MiFish	002_Pagothenia_borchgrevinki	244
ClaidentTutorial__Sample15__MiFish	010_Etroplus_maculatus	244
ClaidentTutorial__Sample15__MiFish	134_Parapristipoma_trilineatum	244
ClaidentTutorial__Sample15__MiFish	162_unidentified_Kneriidae	244
ClaidentTutorial__Sample15__MiFish	014_unidentified_Rhodeus	242
ClaidentTutorial__Sample15__MiFish	199_unidentified_Syncrossus	242
ClaidentTutorial__Sample15__MiFish	013_unidentified_Macrourinae	241
ClaidentTutorial__Sample16__MiFish	001_unidentified_Osteoglossiformes	495
ClaidentTutorial__Sample16__MiFish	018_unidentified_Euteleosteomorpha	494
ClaidentTutorial__Sample16__MiFish	014_unidentified_Rhodeus	251
ClaidentTutorial__Sample16__MiFish	038_unidentified_Malapterurus	251
ClaidentTutorial__Sample16__MiFish	057_Macrognathus_pancalus	251
ClaidentTutorial__Sample16__MiFish	002_Pagothenia_borchgrevinki	249
ClaidentTutorial__Sample16__MiFish	037_Minytrema_melanops	249
ClaidentTutorial__Sample16__MiFish	039_unidentified_Osteochilus	249
ClaidentTutorial__Sample16__MiFish	044_unidentified_Sundasalanx	249
ClaidentTutorial__Sample16__MiFish	055_unidentified_Lateolabrax	249
ClaidentTutorial__Sample16__MiFish	005_Monopterus_albus	248
ClaidentTutorial__Sample16__MiFish	006_Elagatis_bipinnulata	248
ClaidentTutorial__Sample16__MiFish	021_Anyperodon_leucogrammicus	248
ClaidentTutorial__Sample16__MiFish	043_unidentified_Solea	248
ClaidentTutorial__Sample16__MiFish	049_Cephalopholis_argus	248
ClaidentTutorial__Sample16__MiFish	054_unidentified_Emmelichthyidae	248
ClaidentTutorial__Sample16__MiFish	059_unidentified_Epiplatys	248
ClaidentTutorial__Sample16__MiFish	070_unidentified_Ambassis	248
ClaidentTutorial__Sample16__MiFish	084_unidentified_Siganus	248
ClaidentTutorial__Sample16__MiFish	112_unidentified_Poeciliopsis	248
ClaidentTutorial__Sample16__MiFish	041_unidentified_Brachymystax	247
ClaidentTutorial__Sample16__MiFish	061_unidentified_Megalops	247
ClaidentTutorial__Sample16__MiFish	073_unidentified_Coilinae	247
ClaidentTutorial__Sample16__MiFish	076_unidentified_Porichthys	247
ClaidentTutorial__Sample16__MiFish	115_Pseudorhombus_dupliciocellatus	247
ClaidentTutorial__Sample16__MiFish	010_Etroplus_maculatus	246
ClaidentTutorial__Sample16__MiFish	034_unidentified_Stomias	246
ClaidentTutorial__Sample16__MiFish	042_unidentified_Glossogobius	246
ClaidentTutorial__Sample16__MiFish	050_Plectropomus_areolatus	246
ClaidentTutorial__Sample16__MiFish	075_Mugil_curema	246
ClaidentTutorial__Sample16__MiFish	083_unidentified_Gerres	246
ClaidentTutorial__Sample16__MiFish	133_unidentified_Cyprinidae	246
ClaidentTutorial__Sample16__MiFish	139_Paralichthys_dentatus	246
ClaidentTutorial__Sample16__MiFish	181_Tridentiger_barbatus	246
ClaidentTutorial__Sample16__MiFish	003_unidentified_Johnius	245
ClaidentTutorial__Sample16__MiFish	004_Cynoponticus_ferox	245
ClaidentTutorial__Sample16__MiFish	020_unidentified_Helicolenus	245
ClaidentTutorial__Sample16__MiFish	023_Callanthias_japonicus	245
ClaidentTutorial__Sample16__MiFish	071_unidentified_Anoplocapros	245
ClaidentTutorial__Sample16__MiFish	080_Brachirus_orientalis	245
ClaidentTutorial__Sample16__MiFish	025_unidentified_Atherinopsinae	244
ClaidentTutorial__Sample16__MiFish	069_unidentified_Siluroidei	244
ClaidentTutorial__Sample16__MiFish	162_unidentified_Kneriidae	244
ClaidentTutorial__Sample16__MiFish	195_unidentified_Gobiidae	244
ClaidentTutorial__Sample16__MiFish	013_unidentified_Macrourinae	243
ClaidentTutorial__Sample16__MiFish	022_unidentified_Poromitra	243
ClaidentTutorial__Sample16__MiFish	086_Trichonotus_elegans	243
ClaidentTutorial__Sample16__MiFish	026_unidentified_Xenocypridinae	241
ClaidentTutorial__Sample17__MiFish	003_unidentified_Johnius	250
ClaidentTutorial__Sample17__MiFish	004_Cynoponticus_ferox	250
ClaidentTutorial__Sample17__MiFish	013_unidentified_Macrourinae	250
ClaidentTutorial__Sample17__MiFish	020_unidentified_Helicolenus	250
ClaidentTutorial__Sample17__MiFish	139_Paralichthys_dentatus	250
ClaidentTutorial__Sample17__MiFish	005_Monopterus_albus	249
ClaidentTutorial__Sample17__MiFish	025_unidentified_Atherinopsinae	249
ClaidentTutorial__Sample17__MiFish	061_unidentified_Megalops	249
ClaidentTutorial__Sample17__MiFish	076_unidentified_Porichthys	249
ClaidentTutorial__Sample17__MiFish	001_unidentified_Osteoglossiformes	248
ClaidentTutorial__Sample17__MiFish	022_unidentified_Poromitra	248
ClaidentTutorial__Sample17__MiFish	044_unidentified_Sundasalanx	248
ClaidentTutorial__Sample17__MiFish	050_Plectropomus_areolatus	248
ClaidentTutorial__Sample17__MiFish	058_Polymixia_japonica	248
ClaidentTutorial__Sample17__MiFish	075_Mugil_curema	248
ClaidentTutorial__Sample17__MiFish	086_Trichonotus_elegans	248
ClaidentTutorial__Sample17__MiFish	091_unidentified_Mulloidichthys	248
ClaidentTutorial__Sample17__MiFish	010_Etroplus_maculatus	247
ClaidentTutorial__Sample17__MiFish	023_Callanthias_japonicus	247
ClaidentTutorial__Sample17__MiFish	026_unidentified_Xenocypridinae	247
ClaidentTutorial__Sample17__MiFish	057_Macrognathus_pancalus	247
ClaidentTutorial__Sample17__MiFish	080_Brachirus_orientalis	247
ClaidentTutorial__Sample17__MiFish	090_unidentified_Teleostei	247
ClaidentTutorial__Sample17__MiFish	112_unidentified_Poeciliopsis	247
ClaidentTutorial__Sample17__MiFish	033_Pseudalutarius_nasicornis	246
ClaidentTutorial__Sample17__MiFish	043_unidentified_Solea	246
ClaidentTutorial__Sample17__MiFish	049_Cephalopholis_argus	246
ClaidentTutorial__Sample17__MiFish	073_unidentified_Coilinae	246
ClaidentTutorial__Sample17__MiFish	133_unidentified_Cyprinidae	246
ClaidentTutorial__Sample17__MiFish	002_Pagothenia_borchgrevinki	245
ClaidentTutorial__Sample17__MiFish	018_unidentified_Euteleosteomorpha	245
ClaidentTutorial__Sample17__MiFish	021_Anyperodon_leucogrammicus	245
ClaidentTutorial__Sample17__MiFish	034_unidentified_Stomias	245
ClaidentTutorial__Sample17__MiFish	039_unidentified_Osteochilus	245
ClaidentTutorial__Sample17__MiFish	041_unidentified_Brachymystax	245
ClaidentTutorial__Sample17__MiFish	042_unidentified_Glossogobius	245
ClaidentTutorial__Sample17__MiFish	069_unidentified_Siluroidei	245
ClaidentTutorial__Sample17__MiFish	070_unidentified_Ambassis	245
ClaidentTutorial__Sample17__MiFish	071_unidentified_Anoplocapros	245
ClaidentTutorial__Sample17__MiFish	083_unidentified_Gerres	245
ClaidentTutorial__Sample17__MiFish	084_unidentified_Siganus	245
ClaidentTutorial__Sample17__MiFish	099_unidentified_Characoidei	245
ClaidentTutorial__Sample17__MiFish	103_Polypterus_retropinnis	245
ClaidentTutorial__Sample17__MiFish	104_Eleotris_oxycephala	245
ClaidentTutorial__Sample17__MiFish	006_Elagatis_bipinnulata	244
ClaidentTutorial__Sample17__MiFish	053_Kaupichthys_hyoproroides	244
ClaidentTutorial__Sample17__MiFish	107_Pseudaesopia_japonica	244
ClaidentTutorial__Sample17__MiFish	038_unidentified_Malapterurus	243
ClaidentTutorial__Sample17__MiFish	054_unidentified_Emmelichthyidae	242
ClaidentTutorial__Sample17__MiFish	088_Epinephelus_areolatus	241
ClaidentTutorial__Sample18__MiFish	057_Macrognathus_pancalus	253
ClaidentTutorial__Sample18__MiFish	023_Callanthias_japonicus	250
ClaidentTutorial__Sample18__MiFish	083_unidentified_Gerres	250
ClaidentTutorial__Sample18__MiFish	001_unidentified_Osteoglossiformes	249
ClaidentTutorial__Sample18__MiFish	022_unidentified_Poromitra	249
ClaidentTutorial__Sample18__MiFish	028_Lepidosiren_paradoxa	249
ClaidentTutorial__Sample18__MiFish	034_unidentified_Stomias	249
ClaidentTutorial__Sample18__MiFish	075_Mugil_curema	249
ClaidentTutorial__Sample18__MiFish	013_unidentified_Macrourinae	248
ClaidentTutorial__Sample18__MiFish	080_Brachirus_orientalis	248
ClaidentTutorial__Sample18__MiFish	086_Trichonotus_elegans	248
ClaidentTutorial__Sample18__MiFish	090_unidentified_Teleostei	248
ClaidentTutorial__Sample18__MiFish	091_unidentified_Mulloidichthys	248
ClaidentTutorial__Sample18__MiFish	120_Pterothrissus_gissu	248
ClaidentTutorial__Sample18__MiFish	166_Brachyhypopomus_occidentalis	248
ClaidentTutorial__Sample18__MiFish	005_Monopterus_albus	247
ClaidentTutorial__Sample18__MiFish	016_Petrocephalus_microphthalmus	247
ClaidentTutorial__Sample18__MiFish	039_unidentified_Osteochilus	247
ClaidentTutorial__Sample18__MiFish	044_unidentified_Sundasalanx	247
ClaidentTutorial__Sample18__MiFish	054_unidentified_Emmelichthyidae	247
ClaidentTutorial__Sample18__MiFish	058_Polymixia_japonica	247
ClaidentTutorial__Sample18__MiFish	073_unidentified_Coilinae	247
ClaidentTutorial__Sample18__MiFish	076_unidentified_Porichthys	247
ClaidentTutorial__Sample18__MiFish	103_Polypterus_retropinnis	247
ClaidentTutorial__Sample18__MiFish	107_Pseudaesopia_japonica	247
ClaidentTutorial__Sample18__MiFish	158_Salarias_fasciatus	247
ClaidentTutorial__Sample18__MiFish	002_Pagothenia_borchgrevinki	246
ClaidentTutorial__Sample18__MiFish	003_unidentified_Johnius	246
ClaidentTutorial__Sample18__MiFish	006_Elagatis_bipinnulata	246
ClaidentTutorial__Sample18__MiFish	010_Etroplus_maculatus	246
ClaidentTutorial__Sample18__MiFish	043_unidentified_Solea	246
ClaidentTutorial__Sample18__MiFish	049_Cephalopholis_argus	246
ClaidentTutorial__Sample18__MiFish	053_Kaupichthys_hyoproroides	246
ClaidentTutorial__Sample18__MiFish	069_unidentified_Siluroidei	246
ClaidentTutorial__Sample18__MiFish	088_Epinephelus_areolatus	246
ClaidentTutorial__Sample18__MiFish	116_Sargocentron_rubrum	246
ClaidentTutorial__Sample18__MiFish	184_unidentified_Sladenia	246
ClaidentTutorial__Sample18__MiFish	041_unidentified_Brachymystax	245
ClaidentTutorial__Sample18__MiFish	042_unidentified_Glossogobius	245
ClaidentTutorial__Sample18__MiFish	070_unidentified_Ambassis	245
ClaidentTutorial__Sample18__MiFish	014_unidentified_Rhodeus	244
ClaidentTutorial__Sample18__MiFish	084_unidentified_Siganus	244
ClaidentTutorial__Sample18__MiFish	099_unidentified_Characoidei	244
ClaidentTutorial__Sample18__MiFish	104_Eleotris_oxycephala	243
ClaidentTutorial__Sample18__MiFish	126_unidentified_Clupeidae	243
ClaidentTutorial__Sample18__MiFish	004_Cynoponticus_ferox	242
ClaidentTutorial__Sample18__MiFish	025_unidentified_Atherinopsinae	242
ClaidentTutorial__Sample18__MiFish	026_unidentified_Xenocypridinae	242
ClaidentTutorial__Sample18__MiFish	132_unidentified_Synaphobranchidae	242
ClaidentTutorial__Sample18__MiFish	133_unidentified_Cyprinidae	241
ClaidentTutorial__Sample19__MiFish	003_unidentified_Johnius	492
ClaidentTutorial__Sample19__MiFish	090_unidentified_Teleostei	251
ClaidentTutorial__Sample19__MiFish	020_unidentified_Helicolenus	250
ClaidentTutorial__Sample19__MiFish	018_unidentified_Euteleosteomorpha	249
ClaidentTutorial__Sample19__MiFish	022_unidentified_Poromitra	249
ClaidentTutorial__Sample19__MiFish	091_unidentified_Mulloidichthys	249
ClaidentTutorial__Sample19__MiFish	099_unidentified_Characoidei	249
ClaidentTutorial__Sample19__MiFish	001_unidentified_Osteoglossiformes	248
ClaidentTutorial__Sample19__MiFish	025_unidentified_Atherinopsinae	248
ClaidentTutorial__Sample19__MiFish	049_Cephalopholis_argus	248
ClaidentTutorial__Sample19__MiFish	058_Polymixia_japonica	248
ClaidentTutorial__Sample19__MiFish	076_unidentified_Porichthys	248
ClaidentTutorial__Sample19__MiFish	084_unidentified_Siganus	248
ClaidentTutorial__Sample19__MiFish	104_Eleotris_oxycephala	248
ClaidentTutorial__Sample19__MiFish	116_Sargocentron_rubrum	248
ClaidentTutorial__Sample19__MiFish	132_unidentified_Synaphobranchidae	248
ClaidentTutorial__Sample19__MiFish	140_Pristipomoides_multidens	248
ClaidentTutorial__Sample19__MiFish	013_unidentified_Macrourinae	247
ClaidentTutorial__Sample19__MiFish	016_Petrocephalus_microphthalmus	247
ClaidentTutorial__Sample19__MiFish	023_Callanthias_japonicus	247
ClaidentTutorial__Sample19__MiFish	029_unidentified_Gonorynchus	247
ClaidentTutorial__Sample19__MiFish	044_unidentified_Sundasalanx	247
ClaidentTutorial__Sample19__MiFish	172_Gadopsis_bispinosus	247
ClaidentTutorial__Sample19__MiFish	005_Monopterus_albus	246
ClaidentTutorial__Sample19__MiFish	043_unidentified_Solea	246
ClaidentTutorial__Sample19__MiFish	075_Mugil_curema	246
ClaidentTutorial__Sample19__MiFish	126_unidentified_Clupeidae	246
ClaidentTutorial__Sample19__MiFish	137_Micropterus_dolomieu	246
ClaidentTutorial__Sample19__MiFish	148_unidentified_Serraninae	246
ClaidentTutorial__Sample19__MiFish	002_Pagothenia_borchgrevinki	245
ClaidentTutorial__Sample19__MiFish	026_unidentified_Xenocypridinae	245
ClaidentTutorial__Sample19__MiFish	028_Lepidosiren_paradoxa	245
ClaidentTutorial__Sample19__MiFish	057_Macrognathus_pancalus	245
ClaidentTutorial__Sample19__MiFish	080_Brachirus_orientalis	245
ClaidentTutorial__Sample19__MiFish	086_Trichonotus_elegans	244
ClaidentTutorial__Sample19__MiFish	088_Epinephelus_areolatus	244
ClaidentTutorial__Sample19__MiFish	107_Pseudaesopia_japonica	244
ClaidentTutorial__Sample19__MiFish	120_Pterothrissus_gissu	244
ClaidentTutorial__Sample19__MiFish	154_Osteobrama_belangeri	244
ClaidentTutorial__Sample19__MiFish	158_Salarias_fasciatus	244
ClaidentTutorial__Sample19__MiFish	164_Girella_punctata	244
ClaidentTutorial__Sample19__MiFish	034_unidentified_Stomias	243
ClaidentTutorial__Sample19__MiFish	053_Kaupichthys_hyoproroides	243
ClaidentTutorial__Sample19__MiFish	069_unidentified_Siluroidei	243
ClaidentTutorial__Sample19__MiFish	103_Polypterus_retropinnis	243
ClaidentTutorial__Sample19__MiFish	004_Cynoponticus_ferox	242
ClaidentTutorial__Sample19__MiFish	070_unidentified_Ambassis	242
ClaidentTutorial__Sample19__MiFish	014_unidentified_Rhodeus	241
ClaidentTutorial__Sample19__MiFish	054_unidentified_Emmelichthyidae	241
ClaidentTutorial__Sample20__MiFish	003_unidentified_Johnius	491
ClaidentTutorial__Sample20__MiFish	057_Macrognathus_pancalus	252
ClaidentTutorial__Sample20__MiFish	002_Pagothenia_borchgrevinki	250
ClaidentTutorial__Sample20__MiFish	016_Petrocephalus_microphthalmus	250
ClaidentTutorial__Sample20__MiFish	137_Micropterus_dolomieu	250
ClaidentTutorial__Sample20__MiFish	143_Parazen_pacificus	250
ClaidentTutorial__Sample20__MiFish	034_unidentified_Stomias	249
ClaidentTutorial__Sample20__MiFish	020_unidentified_Helicolenus	248
ClaidentTutorial__Sample20__MiFish	022_unidentified_Poromitra	248
ClaidentTutorial__Sample20__MiFish	049_Cephalopholis_argus	248
ClaidentTutorial__Sample20__MiFish	080_Brachirus_orientalis	248
ClaidentTutorial__Sample20__MiFish	103_Polypterus_retropinnis	248
ClaidentTutorial__Sample20__MiFish	126_unidentified_Clupeidae	248
ClaidentTutorial__Sample20__MiFish	140_Pristipomoides_multidens	248
ClaidentTutorial__Sample20__MiFish	148_unidentified_Serraninae	248
ClaidentTutorial__Sample20__MiFish	154_Osteobrama_belangeri	248
ClaidentTutorial__Sample20__MiFish	169_unidentified_Acheilognathus	248
ClaidentTutorial__Sample20__MiFish	001_unidentified_Osteoglossiformes	247
ClaidentTutorial__Sample20__MiFish	090_unidentified_Teleostei	247
ClaidentTutorial__Sample20__MiFish	091_unidentified_Mulloidichthys	247
ClaidentTutorial__Sample20__MiFish	099_unidentified_Characoidei	247
ClaidentTutorial__Sample20__MiFish	116_Sargocentron_rubrum	247
ClaidentTutorial__Sample20__MiFish	120_Pterothrissus_gissu	247
ClaidentTutorial__Sample20__MiFish	173_Hemigrammus_bleheri	247
ClaidentTutorial__Sample20__MiFish	177_unidentified_Glyptosterninae	247
ClaidentTutorial__Sample20__MiFish	178_unidentified_Ictalurus	247
ClaidentTutorial__Sample20__MiFish	013_unidentified_Macrourinae	246
ClaidentTutorial__Sample20__MiFish	025_unidentified_Atherinopsinae	246
ClaidentTutorial__Sample20__MiFish	053_Kaupichthys_hyoproroides	246
ClaidentTutorial__Sample20__MiFish	104_Eleotris_oxycephala	246
ClaidentTutorial__Sample20__MiFish	180_Trichogaster_fasciata	246
ClaidentTutorial__Sample20__MiFish	182_unidentified_Champsodon	246
ClaidentTutorial__Sample20__MiFish	005_Monopterus_albus	245
ClaidentTutorial__Sample20__MiFish	014_unidentified_Rhodeus	245
ClaidentTutorial__Sample20__MiFish	044_unidentified_Sundasalanx	245
ClaidentTutorial__Sample20__MiFish	054_unidentified_Emmelichthyidae	245
ClaidentTutorial__Sample20__MiFish	076_unidentified_Porichthys	245
ClaidentTutorial__Sample20__MiFish	084_unidentified_Siganus	245
ClaidentTutorial__Sample20__MiFish	107_Pseudaesopia_japonica	245
ClaidentTutorial__Sample20__MiFish	132_unidentified_Synaphobranchidae	245
ClaidentTutorial__Sample20__MiFish	191_unidentified_Syngnathinae	245
ClaidentTutorial__Sample20__MiFish	004_Cynoponticus_ferox	244
ClaidentTutorial__Sample20__MiFish	086_Trichonotus_elegans	244
ClaidentTutorial__Sample20__MiFish	193_Oryzias_latipes	244
ClaidentTutorial__Sample20__MiFish	026_unidentified_Xenocypridinae	243
ClaidentTutorial__Sample20__MiFish	029_unidentified_Gonorynchus	243
ClaidentTutorial__Sample20__MiFish	070_unidentified_Ambassis	243
ClaidentTutorial__Sample20__MiFish	164_Girella_punctata	242
ClaidentTutorial__Sample20__MiFish	200_unidentified_Labeo	241
