query	superkingdom	kingdom	subkingdom	superphylum	phylum	subphylum	superclass	class	subclass	infraclass	cohort	subcohort	superorder	order	suborder	infraorder	parvorder	superfamily	family	subfamily	tribe	subtribe	genus	subgenus	section	subsection	series	species group	species subgroup	species	subspecies	varietas	forma	forma specialis	strain	isolate
otu_001	Eukaryota	Metazoa	Chordata	Chordata	Chordata	Craniata	Actinopterygii	Actinopteri	Neopterygii	Teleostei	Otomorpha	Ostariophysi	Cypriniphysae	Cypriniformes	Cyprinoidei	Danionidae	Danionidae	Danionidae	Danionidae	Danioninae	unidentified Danioninae	unidentified Danioninae	unidentified Danioninae	unidentified Danioninae	unidentified Danioninae	unidentified Danioninae	unidentified Danioninae	unidentified Danioninae	unidentified Danioninae	unidentified Danioninae	unidentified Danioninae	unidentified Danioninae	unidentified Danioninae	unidentified Danioninae	unidentified Danioninae	unidentified Danioninae
otu_002	Eukaryota	Metazoa	Chordata	Chordata	Chordata	Craniata	Actinopterygii	Actinopteri	Neopterygii	Teleostei	Euteleosteomorpha	Atherinomorphae	Atherinomorphae	Cyprinodontiformes	Cyprinodontoidei	Poeciliidae	Poeciliidae	Poeciliidae	Poeciliidae	Poeciliinae	Xiphophorus	Xiphophorus	Xiphophorus	unidentified Xiphophorus	unidentified Xiphophorus	unidentified Xiphophorus	unidentified Xiphophorus	unidentified Xiphophorus	unidentified Xiphophorus	unidentified Xiphophorus	unidentified Xiphophorus	unidentified Xiphophorus	unidentified Xiphophorus	unidentified Xiphophorus	unidentified Xiphophorus	unidentified Xiphophorus
otu_003	Eukaryota	Metazoa	Chordata	Chordata	Chordata	Craniata	Actinopterygii	Actinopteri	Neopterygii	Teleostei	Otomorpha	Ostariophysi	Cypriniphysae	Cypriniformes	Cyprinoidei	Acheilognathidae	Acheilognathidae	Acheilognathidae	Acheilognathidae	Rhodeus	Rhodeus	Rhodeus	Rhodeus	unidentified Rhodeus	unidentified Rhodeus	unidentified Rhodeus	unidentified Rhodeus	unidentified Rhodeus	unidentified Rhodeus	unidentified Rhodeus	unidentified Rhodeus	unidentified Rhodeus	unidentified Rhodeus	unidentified Rhodeus	unidentified Rhodeus	unidentified Rhodeus
otu_004	Eukaryota	Metazoa	Chordata	Chordata	Chordata	Craniata	Actinopterygii	Actinopteri	Neopterygii	Teleostei	Euteleosteomorpha	Pleuronectiformes	Pleuronectiformes	Pleuronectiformes	Pleuronectoidei	Paralichthyidae	Paralichthyidae	Paralichthyidae	Paralichthyidae	Pseudorhombus	Pseudorhombus	Pseudorhombus	Pseudorhombus	Pseudorhombus dupliciocellatus	Pseudorhombus dupliciocellatus	Pseudorhombus dupliciocellatus	Pseudorhombus dupliciocellatus	Pseudorhombus dupliciocellatus	Pseudorhombus dupliciocellatus	Pseudorhombus dupliciocellatus	unidentified Pseudorhombus dupliciocellatus	unidentified Pseudorhombus dupliciocellatus	unidentified Pseudorhombus dupliciocellatus	unidentified Pseudorhombus dupliciocellatus	unidentified Pseudorhombus dupliciocellatus	unidentified Pseudorhombus dupliciocellatus
otu_005	Eukaryota	Metazoa	Chordata	Chordata	Chordata	Craniata	Actinopterygii	Actinopteri	Neopterygii	Teleostei	Euteleosteomorpha	Myctophiformes	Myctophiformes	Myctophiformes	Myctophidae	Myctophidae	Myctophidae	Myctophidae	Myctophidae	Electrona	Electrona	Electrona	Electrona	unidentified Electrona	unidentified Electrona	unidentified Electrona	unidentified Electrona	unidentified Electrona	unidentified Electrona	unidentified Electrona	unidentified Electrona	unidentified Electrona	unidentified Electrona	unidentified Electrona	unidentified Electrona	unidentified Electrona
otu_006	Eukaryota	Metazoa	Chordata	Chordata	Chordata	Craniata	Actinopterygii	Actinopteri	Neopterygii	Teleostei	Euteleosteomorpha	Pleuronectiformes	Pleuronectiformes	Pleuronectiformes	Pleuronectoidei	Samaridae	Samaridae	Samaridae	Samaridae	Samariscus	Samariscus	Samariscus	Samariscus	Samariscus latus	Samariscus latus	Samariscus latus	Samariscus latus	Samariscus latus	Samariscus latus	Samariscus latus	unidentified Samariscus latus	unidentified Samariscus latus	unidentified Samariscus latus	unidentified Samariscus latus	unidentified Samariscus latus	unidentified Samariscus latus
otu_007	Eukaryota	Metazoa	Chordata	Chordata	Chordata	Craniata	Actinopterygii	Actinopteri	Neopterygii	Teleostei	Elopiformes	Elopiformes	Elopiformes	Elopiformes	Elopidae	Elopidae	Elopidae	Elopidae	Elopidae	Elops	Elops	Elops	Elops	unidentified Elops	unidentified Elops	unidentified Elops	unidentified Elops	unidentified Elops	unidentified Elops	unidentified Elops	unidentified Elops	unidentified Elops	unidentified Elops	unidentified Elops	unidentified Elops	unidentified Elops
otu_008	Eukaryota	Metazoa	Chordata	Chordata	Chordata	Craniata	Actinopterygii	Actinopteri	Neopterygii	Teleostei	Otomorpha	Ostariophysi	Characiphysae	Siluriformes	Siluroidei	Claroteidae	Claroteidae	Claroteidae	Claroteidae	Chrysichthys	Chrysichthys	Chrysichthys	Chrysichthys	unidentified Chrysichthys	unidentified Chrysichthys	unidentified Chrysichthys	unidentified Chrysichthys	unidentified Chrysichthys	unidentified Chrysichthys	unidentified Chrysichthys	unidentified Chrysichthys	unidentified Chrysichthys	unidentified Chrysichthys	unidentified Chrysichthys	unidentified Chrysichthys	unidentified Chrysichthys
otu_009	Eukaryota	Metazoa	Chordata	Chordata	Chordata	Craniata	Actinopterygii	Actinopteri	Neopterygii	Teleostei	Euteleosteomorpha	Scombriformes	Scombriformes	Scombriformes	Arripidae	Arripidae	Arripidae	Arripidae	Arripidae	Arripis	Arripis	Arripis	Arripis	Arripis trutta	Arripis trutta	Arripis trutta	Arripis trutta	Arripis trutta	Arripis trutta	Arripis trutta	unidentified Arripis trutta	unidentified Arripis trutta	unidentified Arripis trutta	unidentified Arripis trutta	unidentified Arripis trutta	unidentified Arripis trutta
otu_010	Eukaryota	Metazoa	Chordata	Chordata	Chordata	Craniata	Actinopterygii	Actinopteri	Neopterygii	Teleostei	Otomorpha	Clupei	Clupeiformes	Clupeiformes	Clupeoidei	Clupeidae	Clupeidae	Clupeidae	Clupeidae	Spratelloidinae	Jenkinsia	Jenkinsia	Jenkinsia	Jenkinsia lamprotaenia	Jenkinsia lamprotaenia	Jenkinsia lamprotaenia	Jenkinsia lamprotaenia	Jenkinsia lamprotaenia	Jenkinsia lamprotaenia	Jenkinsia lamprotaenia	unidentified Jenkinsia lamprotaenia	unidentified Jenkinsia lamprotaenia	unidentified Jenkinsia lamprotaenia	unidentified Jenkinsia lamprotaenia	unidentified Jenkinsia lamprotaenia	unidentified Jenkinsia lamprotaenia
otu_011	Eukaryota	Metazoa	Chordata	Chordata	Chordata	Craniata	Actinopterygii	Cladistia	Polypteriformes	Polypteriformes	Polypteriformes	Polypteriformes	Polypteriformes	Polypteriformes	Polypteridae	Polypteridae	Polypteridae	Polypteridae	Polypteridae	Polypterus	Polypterus	Polypterus	Polypterus	Polypterus retropinnis	Polypterus retropinnis	Polypterus retropinnis	Polypterus retropinnis	Polypterus retropinnis	Polypterus retropinnis	Polypterus retropinnis	unidentified Polypterus retropinnis	unidentified Polypterus retropinnis	unidentified Polypterus retropinnis	unidentified Polypterus retropinnis	unidentified Polypterus retropinnis	unidentified Polypterus retropinnis
otu_012	Eukaryota	Metazoa	Chordata	Chordata	Chordata	Craniata	Actinopterygii	Actinopteri	Neopterygii	Teleostei	Anguilliformes	Anguilliformes	Anguilliformes	Anguilliformes	Synaphobranchidae	Synaphobranchidae	Synaphobranchidae	Synaphobranchidae	Synaphobranchidae	Synaphobranchinae	Synaphobranchus	Synaphobranchus	Synaphobranchus	unidentified Synaphobranchus	unidentified Synaphobranchus	unidentified Synaphobranchus	unidentified Synaphobranchus	unidentified Synaphobranchus	unidentified Synaphobranchus	unidentified Synaphobranchus	unidentified Synaphobranchus	unidentified Synaphobranchus	unidentified Synaphobranchus	unidentified Synaphobranchus	unidentified Synaphobranchus	unidentified Synaphobranchus
otu_013	Eukaryota	Metazoa	Chordata	Chordata	Chordata	Craniata	Actinopterygii	Actinopteri	Neopterygii	Teleostei	Euteleosteomorpha	Gobiiformes	Gobiiformes	Gobiiformes	Gobioidei	Gobiidae	Gobiidae	Gobiidae	Gobiidae	Gobiinae	Gobiopterus	Gobiopterus	Gobiopterus	unidentified Gobiopterus	unidentified Gobiopterus	unidentified Gobiopterus	unidentified Gobiopterus	unidentified Gobiopterus	unidentified Gobiopterus	unidentified Gobiopterus	unidentified Gobiopterus	unidentified Gobiopterus	unidentified Gobiopterus	unidentified Gobiopterus	unidentified Gobiopterus	unidentified Gobiopterus
otu_014	Eukaryota	Metazoa	Chordata	Chordata	Chordata	Craniata	Actinopterygii	Actinopteri	Neopterygii	Teleostei	Otomorpha	Ostariophysi	Cypriniphysae	Cypriniformes	Cyprinoidei	Cyprinidae	Cyprinidae	Cyprinidae	Cyprinidae	Labeoninae	Henicorhynchus	Henicorhynchus	Henicorhynchus	Henicorhynchus siamensis	Henicorhynchus siamensis	Henicorhynchus siamensis	Henicorhynchus siamensis	Henicorhynchus siamensis	Henicorhynchus siamensis	Henicorhynchus siamensis	unidentified Henicorhynchus siamensis	unidentified Henicorhynchus siamensis	unidentified Henicorhynchus siamensis	unidentified Henicorhynchus siamensis	unidentified Henicorhynchus siamensis	unidentified Henicorhynchus siamensis
otu_015	Eukaryota	Metazoa	Chordata	Chordata	Chordata	Craniata	Actinopterygii	Actinopteri	Neopterygii	Teleostei	Euteleosteomorpha	Spariformes	Spariformes	Spariformes	Nemipteridae	Nemipteridae	Nemipteridae	Nemipteridae	Nemipteridae	Scolopsis	Scolopsis	Scolopsis	Scolopsis	Scolopsis ciliata	Scolopsis ciliata	Scolopsis ciliata	Scolopsis ciliata	Scolopsis ciliata	Scolopsis ciliata	Scolopsis ciliata	unidentified Scolopsis ciliata	unidentified Scolopsis ciliata	unidentified Scolopsis ciliata	unidentified Scolopsis ciliata	unidentified Scolopsis ciliata	unidentified Scolopsis ciliata
otu_016	Eukaryota	Metazoa	Chordata	Chordata	Chordata	Craniata	Actinopterygii	Actinopteri	Neopterygii	Teleostei	Euteleosteomorpha	Moronidae	Moronidae	Moronidae	Moronidae	Moronidae	Moronidae	Moronidae	Moronidae	Morone	Morone	Morone	Morone	Morone americana	Morone americana	Morone americana	Morone americana	Morone americana	Morone americana	Morone americana	unidentified Morone americana	unidentified Morone americana	unidentified Morone americana	unidentified Morone americana	unidentified Morone americana	unidentified Morone americana
otu_017	Eukaryota	Metazoa	Chordata	Chordata	Chordata	Craniata	Actinopterygii	Actinopteri	Neopterygii	Teleostei	Euteleosteomorpha	Lophiiformes	Lophiiformes	Lophiiformes	Ceratioidei	Linophrynidae	Linophrynidae	Linophrynidae	Linophrynidae	unidentified Linophrynidae	unidentified Linophrynidae	unidentified Linophrynidae	unidentified Linophrynidae	unidentified Linophrynidae	unidentified Linophrynidae	unidentified Linophrynidae	unidentified Linophrynidae	unidentified Linophrynidae	unidentified Linophrynidae	unidentified Linophrynidae	unidentified Linophrynidae	unidentified Linophrynidae	unidentified Linophrynidae	unidentified Linophrynidae	unidentified Linophrynidae	unidentified Linophrynidae
otu_018	Eukaryota	Metazoa	Chordata	Chordata	Chordata	Craniata	Actinopterygii	Actinopteri	Neopterygii	Teleostei	Euteleosteomorpha	Blenniiformes	Blenniiformes	Blenniiformes	Gobiesocoidei	Gobiesocidae	Gobiesocidae	Gobiesocidae	Gobiesocidae	Gobiesocinae	Aspasma	Aspasma	Aspasma	unidentified Aspasma	unidentified Aspasma	unidentified Aspasma	unidentified Aspasma	unidentified Aspasma	unidentified Aspasma	unidentified Aspasma	unidentified Aspasma	unidentified Aspasma	unidentified Aspasma	unidentified Aspasma	unidentified Aspasma	unidentified Aspasma
otu_019	Eukaryota	Metazoa	Chordata	Chordata	Chordata	Craniata	Actinopterygii	Actinopteri	Neopterygii	Teleostei	Euteleosteomorpha	Blenniiformes	Blenniiformes	Blenniiformes	Blennioidei	Blenniidae	Blenniidae	Blenniidae	Blenniidae	Salariinae	Salarias	Salarias	Salarias	Salarias fasciatus	Salarias fasciatus	Salarias fasciatus	Salarias fasciatus	Salarias fasciatus	Salarias fasciatus	Salarias fasciatus	unidentified Salarias fasciatus	unidentified Salarias fasciatus	unidentified Salarias fasciatus	unidentified Salarias fasciatus	unidentified Salarias fasciatus	unidentified Salarias fasciatus
otu_020	Eukaryota	Metazoa	Chordata	Chordata	Chordata	Craniata	Actinopterygii	Actinopteri	Neopterygii	Teleostei	Osteoglossiformes	Osteoglossiformes	Osteoglossiformes	Osteoglossiformes	unidentified Osteoglossiformes	unidentified Osteoglossiformes	unidentified Osteoglossiformes	unidentified Osteoglossiformes	unidentified Osteoglossiformes	unidentified Osteoglossiformes	unidentified Osteoglossiformes	unidentified Osteoglossiformes	unidentified Osteoglossiformes	unidentified Osteoglossiformes	unidentified Osteoglossiformes	unidentified Osteoglossiformes	unidentified Osteoglossiformes	unidentified Osteoglossiformes	unidentified Osteoglossiformes	unidentified Osteoglossiformes	unidentified Osteoglossiformes	unidentified Osteoglossiformes	unidentified Osteoglossiformes	unidentified Osteoglossiformes	unidentified Osteoglossiformes	unidentified Osteoglossiformes
otu_021	Eukaryota	Metazoa	Chordata	Chordata	Chordata	Craniata	Actinopterygii	Actinopteri	Neopterygii	Teleostei	Euteleosteomorpha	unidentified Euteleosteomorpha	unidentified Euteleosteomorpha	unidentified Euteleosteomorpha	unidentified Euteleosteomorpha	unidentified Euteleosteomorpha	unidentified Euteleosteomorpha	unidentified Euteleosteomorpha	unidentified Euteleosteomorpha	unidentified Euteleosteomorpha	unidentified Euteleosteomorpha	unidentified Euteleosteomorpha	unidentified Euteleosteomorpha	unidentified Euteleosteomorpha	unidentified Euteleosteomorpha	unidentified Euteleosteomorpha	unidentified Euteleosteomorpha	unidentified Euteleosteomorpha	unidentified Euteleosteomorpha	unidentified Euteleosteomorpha	unidentified Euteleosteomorpha	unidentified Euteleosteomorpha	unidentified Euteleosteomorpha	unidentified Euteleosteomorpha	unidentified Euteleosteomorpha	unidentified Euteleosteomorpha
otu_022	Eukaryota	Metazoa	Chordata	Chordata	Chordata	Craniata	Actinopterygii	Actinopteri	Neopterygii	Teleostei	Euteleosteomorpha	Centrarchiformes	Centrarchiformes	Centrarchiformes	Cirrhitioidei	Cirrhitioidei	Cirrhitioidei	Cirrhitioidei	Cirrhitidae	Cirrhitichthys	Cirrhitichthys	Cirrhitichthys	Cirrhitichthys	Cirrhitichthys aprinus	Cirrhitichthys aprinus	Cirrhitichthys aprinus	Cirrhitichthys aprinus	Cirrhitichthys aprinus	Cirrhitichthys aprinus	Cirrhitichthys aprinus	unidentified Cirrhitichthys aprinus	unidentified Cirrhitichthys aprinus	unidentified Cirrhitichthys aprinus	unidentified Cirrhitichthys aprinus	unidentified Cirrhitichthys aprinus	unidentified Cirrhitichthys aprinus
otu_023	Eukaryota	Metazoa	Chordata	Chordata	Chordata	Craniata	Actinopterygii	Actinopteri	Neopterygii	Teleostei	Euteleosteomorpha	Pleuronectiformes	Pleuronectiformes	Pleuronectiformes	Pleuronectoidei	Cynoglossidae	Cynoglossidae	Cynoglossidae	Cynoglossidae	Symphurinae	Symphurus	Symphurus	Symphurus	Symphurus orientalis	Symphurus orientalis	Symphurus orientalis	Symphurus orientalis	Symphurus orientalis	Symphurus orientalis	Symphurus orientalis	unidentified Symphurus orientalis	unidentified Symphurus orientalis	unidentified Symphurus orientalis	unidentified Symphurus orientalis	unidentified Symphurus orientalis	unidentified Symphurus orientalis
otu_024	Eukaryota	Metazoa	Chordata	Chordata	Chordata	Craniata	Actinopterygii	Actinopteri	Neopterygii	Holostei	Amiiformes	Amiiformes	Amiiformes	Amiiformes	Amiidae	Amiidae	Amiidae	Amiidae	Amiidae	Amia	Amia	Amia	Amia	Amia calva	Amia calva	Amia calva	Amia calva	Amia calva	Amia calva	Amia calva	unidentified Amia calva	unidentified Amia calva	unidentified Amia calva	unidentified Amia calva	unidentified Amia calva	unidentified Amia calva
otu_025	Eukaryota	Metazoa	Chordata	Chordata	Chordata	Craniata	Actinopterygii	Actinopteri	Neopterygii	Teleostei	Euteleosteomorpha	Scombriformes	Scombriformes	Scombriformes	Centrolophidae	Centrolophidae	Centrolophidae	Centrolophidae	Centrolophidae	Psenopsis	Psenopsis	Psenopsis	Psenopsis	Psenopsis anomala	Psenopsis anomala	Psenopsis anomala	Psenopsis anomala	Psenopsis anomala	Psenopsis anomala	Psenopsis anomala	unidentified Psenopsis anomala	unidentified Psenopsis anomala	unidentified Psenopsis anomala	unidentified Psenopsis anomala	unidentified Psenopsis anomala	unidentified Psenopsis anomala
otu_026	Eukaryota	Metazoa	Chordata	Chordata	Chordata	Craniata	Actinopterygii	Actinopteri	Neopterygii	Teleostei	Otomorpha	Ostariophysi	Characiphysae	Characiformes	Characoidei	unidentified Characoidei	unidentified Characoidei	unidentified Characoidei	unidentified Characoidei	unidentified Characoidei	unidentified Characoidei	unidentified Characoidei	unidentified Characoidei	unidentified Characoidei	unidentified Characoidei	unidentified Characoidei	unidentified Characoidei	unidentified Characoidei	unidentified Characoidei	unidentified Characoidei	unidentified Characoidei	unidentified Characoidei	unidentified Characoidei	unidentified Characoidei	unidentified Characoidei	unidentified Characoidei
otu_027	Eukaryota	Metazoa	Chordata	Chordata	Chordata	Craniata	Actinopterygii	Actinopteri	Neopterygii	Teleostei	Euteleosteomorpha	Pleuronectiformes	Pleuronectiformes	Pleuronectiformes	Pleuronectoidei	Bothidae	Bothidae	Bothidae	Bothidae	Arnoglossus	Arnoglossus	Arnoglossus	Arnoglossus	Arnoglossus tenuis	Arnoglossus tenuis	Arnoglossus tenuis	Arnoglossus tenuis	Arnoglossus tenuis	Arnoglossus tenuis	Arnoglossus tenuis	unidentified Arnoglossus tenuis	unidentified Arnoglossus tenuis	unidentified Arnoglossus tenuis	unidentified Arnoglossus tenuis	unidentified Arnoglossus tenuis	unidentified Arnoglossus tenuis
otu_028	Eukaryota	Metazoa	Chordata	Chordata	Chordata	Craniata	Actinopterygii	Actinopteri	Neopterygii	Teleostei	Euteleosteomorpha	Percopsiformes	Percopsiformes	Percopsiformes	Aphredoderoidei	Aphredoderidae	Aphredoderidae	Aphredoderidae	Aphredoderidae	Aphredoderus	Aphredoderus	Aphredoderus	Aphredoderus	Aphredoderus sayanus	Aphredoderus sayanus	Aphredoderus sayanus	Aphredoderus sayanus	Aphredoderus sayanus	Aphredoderus sayanus	Aphredoderus sayanus	unidentified Aphredoderus sayanus	unidentified Aphredoderus sayanus	unidentified Aphredoderus sayanus	unidentified Aphredoderus sayanus	unidentified Aphredoderus sayanus	unidentified Aphredoderus sayanus
otu_029	Eukaryota	Metazoa	Chordata	Chordata	Chordata	Craniata	Actinopterygii	Actinopteri	Neopterygii	Teleostei	Anguilliformes	Anguilliformes	Anguilliformes	Anguilliformes	Muraenesocidae	Muraenesocidae	Muraenesocidae	Muraenesocidae	Muraenesocidae	Cynoponticus	Cynoponticus	Cynoponticus	Cynoponticus	Cynoponticus ferox	Cynoponticus ferox	Cynoponticus ferox	Cynoponticus ferox	Cynoponticus ferox	Cynoponticus ferox	Cynoponticus ferox	unidentified Cynoponticus ferox	unidentified Cynoponticus ferox	unidentified Cynoponticus ferox	unidentified Cynoponticus ferox	unidentified Cynoponticus ferox	unidentified Cynoponticus ferox
otu_030	Eukaryota	Metazoa	Chordata	Chordata	Chordata	Craniata	Sarcopterygii	Dipnomorpha	Dipnomorpha	Ceratodontae	Ceratodontae	Ceratodontae	Ceratodontae	Ceratodontiformes	Lepidosirenoidei	Lepidosirenidae	Lepidosirenidae	Lepidosirenidae	Lepidosirenidae	Lepidosiren	Lepidosiren	Lepidosiren	Lepidosiren	Lepidosiren paradoxa	Lepidosiren paradoxa	Lepidosiren paradoxa	Lepidosiren paradoxa	Lepidosiren paradoxa	Lepidosiren paradoxa	Lepidosiren paradoxa	unidentified Lepidosiren paradoxa	unidentified Lepidosiren paradoxa	unidentified Lepidosiren paradoxa	unidentified Lepidosiren paradoxa	unidentified Lepidosiren paradoxa	unidentified Lepidosiren paradoxa
otu_031	Eukaryota	Metazoa	Chordata	Chordata	Chordata	Craniata	Actinopterygii	Actinopteri	Neopterygii	Teleostei	Otomorpha	Clupei	Clupeiformes	Clupeiformes	Clupeoidei	Engraulidae	Engraulidae	Engraulidae	Engraulidae	Engraulinae	unidentified Engraulinae	unidentified Engraulinae	unidentified Engraulinae	unidentified Engraulinae	unidentified Engraulinae	unidentified Engraulinae	unidentified Engraulinae	unidentified Engraulinae	unidentified Engraulinae	unidentified Engraulinae	unidentified Engraulinae	unidentified Engraulinae	unidentified Engraulinae	unidentified Engraulinae	unidentified Engraulinae	unidentified Engraulinae
otu_032	Eukaryota	Metazoa	Chordata	Chordata	Chordata	Craniata	Actinopterygii	Actinopteri	Neopterygii	Teleostei	Euteleosteomorpha	Sciaenidae	Sciaenidae	Sciaenidae	Sciaenidae	Sciaenidae	Sciaenidae	Sciaenidae	Sciaenidae	Johnius	Johnius	Johnius	Johnius	unidentified Johnius	unidentified Johnius	unidentified Johnius	unidentified Johnius	unidentified Johnius	unidentified Johnius	unidentified Johnius	unidentified Johnius	unidentified Johnius	unidentified Johnius	unidentified Johnius	unidentified Johnius	unidentified Johnius
otu_033	Eukaryota	Metazoa	Chordata	Chordata	Chordata	Craniata	Actinopterygii	Actinopteri	Neopterygii	Teleostei	Osteoglossiformes	Osteoglossiformes	Osteoglossiformes	Osteoglossiformes	Pantodontidae	Pantodontidae	Pantodontidae	Pantodontidae	Pantodontidae	Pantodon	Pantodon	Pantodon	Pantodon	Pantodon buchholzi	Pantodon buchholzi	Pantodon buchholzi	Pantodon buchholzi	Pantodon buchholzi	Pantodon buchholzi	Pantodon buchholzi	unidentified Pantodon buchholzi	unidentified Pantodon buchholzi	unidentified Pantodon buchholzi	unidentified Pantodon buchholzi	unidentified Pantodon buchholzi	unidentified Pantodon buchholzi
otu_034	Eukaryota	Metazoa	Chordata	Chordata	Chordata	Craniata	Actinopterygii	Actinopteri	Neopterygii	Teleostei	Otomorpha	Clupei	Clupeiformes	Clupeiformes	Clupeoidei	Clupeidae	Clupeidae	Clupeidae	Clupeidae	Spratelloidinae	Spratelloides	Spratelloides	Spratelloides	Spratelloides delicatulus	Spratelloides delicatulus	Spratelloides delicatulus	Spratelloides delicatulus	Spratelloides delicatulus	Spratelloides delicatulus	Spratelloides delicatulus	unidentified Spratelloides delicatulus	unidentified Spratelloides delicatulus	unidentified Spratelloides delicatulus	unidentified Spratelloides delicatulus	unidentified Spratelloides delicatulus	unidentified Spratelloides delicatulus
otu_035	Eukaryota	Metazoa	Chordata	Chordata	Chordata	Craniata	Actinopterygii	Actinopteri	Neopterygii	Teleostei	Euteleosteomorpha	Perciformes	Perciformes	Perciformes	Cottioidei	Cottales	Liparidae	Liparidae	Liparidae	Liparis	Liparis	Liparis	Liparis	unidentified Liparis	unidentified Liparis	unidentified Liparis	unidentified Liparis	unidentified Liparis	unidentified Liparis	unidentified Liparis	unidentified Liparis	unidentified Liparis	unidentified Liparis	unidentified Liparis	unidentified Liparis	unidentified Liparis
otu_036	Eukaryota	Metazoa	Chordata	Chordata	Chordata	Craniata	Actinopterygii	Actinopteri	Neopterygii	Teleostei	Euteleosteomorpha	Lophiiformes	Lophiiformes	Lophiiformes	Lophioidei	Lophiidae	Lophiidae	Lophiidae	Lophiidae	unidentified Lophiidae	unidentified Lophiidae	unidentified Lophiidae	unidentified Lophiidae	unidentified Lophiidae	unidentified Lophiidae	unidentified Lophiidae	unidentified Lophiidae	unidentified Lophiidae	unidentified Lophiidae	unidentified Lophiidae	unidentified Lophiidae	unidentified Lophiidae	unidentified Lophiidae	unidentified Lophiidae	unidentified Lophiidae	unidentified Lophiidae
otu_037	Eukaryota	Metazoa	Chordata	Chordata	Chordata	Craniata	Actinopterygii	Actinopteri	Neopterygii	Teleostei	Euteleosteomorpha	Atherinomorphae	Atherinomorphae	Cyprinodontiformes	Aplocheiloidei	Nothobranchiidae	Nothobranchiidae	Nothobranchiidae	Nothobranchiidae	Aphyosemion	Aphyosemion	Aphyosemion	Aphyosemion	unidentified Aphyosemion	unidentified Aphyosemion	unidentified Aphyosemion	unidentified Aphyosemion	unidentified Aphyosemion	unidentified Aphyosemion	unidentified Aphyosemion	unidentified Aphyosemion	unidentified Aphyosemion	unidentified Aphyosemion	unidentified Aphyosemion	unidentified Aphyosemion	unidentified Aphyosemion
otu_038	Eukaryota	Metazoa	Chordata	Chordata	Chordata	Craniata	Actinopterygii	Actinopteri	Neopterygii	Teleostei	Euteleosteomorpha	Acropomatiformes	Acropomatiformes	Acropomatiformes	Champsodontidae	Champsodontidae	Champsodontidae	Champsodontidae	Champsodontidae	Champsodon	Champsodon	Champsodon	Champsodon	unidentified Champsodon	unidentified Champsodon	unidentified Champsodon	unidentified Champsodon	unidentified Champsodon	unidentified Champsodon	unidentified Champsodon	unidentified Champsodon	unidentified Champsodon	unidentified Champsodon	unidentified Champsodon	unidentified Champsodon	unidentified Champsodon
otu_039	Eukaryota	Metazoa	Chordata	Chordata	Chordata	Craniata	Actinopterygii	Actinopteri	Neopterygii	Teleostei	Euteleosteomorpha	Gobiiformes	Gobiiformes	Gobiiformes	Gobioidei	Gobiidae	Gobiidae	Gobiidae	Gobiidae	Gobionellinae	unidentified Gobionellinae	unidentified Gobionellinae	unidentified Gobionellinae	unidentified Gobionellinae	unidentified Gobionellinae	unidentified Gobionellinae	unidentified Gobionellinae	unidentified Gobionellinae	unidentified Gobionellinae	unidentified Gobionellinae	unidentified Gobionellinae	unidentified Gobionellinae	unidentified Gobionellinae	unidentified Gobionellinae	unidentified Gobionellinae	unidentified Gobionellinae
otu_040	Eukaryota	Metazoa	Chordata	Chordata	Chordata	Craniata	Actinopterygii	Actinopteri	Neopterygii	Teleostei	Euteleosteomorpha	Aulopiformes	Aulopiformes	Aulopiformes	Aulopoidei	Synodontidae	Synodontidae	Synodontidae	Synodontidae	Synodontinae	Synodus	Synodus	Synodus	unidentified Synodus	unidentified Synodus	unidentified Synodus	unidentified Synodus	unidentified Synodus	unidentified Synodus	unidentified Synodus	unidentified Synodus	unidentified Synodus	unidentified Synodus	unidentified Synodus	unidentified Synodus	unidentified Synodus
otu_041	Eukaryota	Metazoa	Chordata	Chordata	Chordata	Craniata	Actinopterygii	Actinopteri	Neopterygii	Teleostei	Anguilliformes	Anguilliformes	Anguilliformes	Anguilliformes	Congridae	Congridae	Congridae	Congridae	Congridae	Congrinae	Conger	Conger	Conger	unidentified Conger	unidentified Conger	unidentified Conger	unidentified Conger	unidentified Conger	unidentified Conger	unidentified Conger	unidentified Conger	unidentified Conger	unidentified Conger	unidentified Conger	unidentified Conger	unidentified Conger
otu_042	Eukaryota	Metazoa	Chordata	Chordata	Chordata	Craniata	Actinopterygii	Actinopteri	Neopterygii	Teleostei	Euteleosteomorpha	Labriformes	Labriformes	Labriformes	Labridae	Labridae	Labridae	Labridae	Labridae	Chlorurus	Chlorurus	Chlorurus	Chlorurus	unidentified Chlorurus	unidentified Chlorurus	unidentified Chlorurus	unidentified Chlorurus	unidentified Chlorurus	unidentified Chlorurus	unidentified Chlorurus	unidentified Chlorurus	unidentified Chlorurus	unidentified Chlorurus	unidentified Chlorurus	unidentified Chlorurus	unidentified Chlorurus
otu_043	Eukaryota	Metazoa	Chordata	Chordata	Chordata	Craniata	Actinopterygii	Actinopteri	Neopterygii	Teleostei	Euteleosteomorpha	Perciformes	Perciformes	Perciformes	Scorpaenoidei	Scorpaenidae	Scorpaenidae	Scorpaenidae	Scorpaenidae	Pteroinae	Pterois	Pterois	Pterois	unidentified Pterois	unidentified Pterois	unidentified Pterois	unidentified Pterois	unidentified Pterois	unidentified Pterois	unidentified Pterois	unidentified Pterois	unidentified Pterois	unidentified Pterois	unidentified Pterois	unidentified Pterois	unidentified Pterois
otu_044	Eukaryota	Metazoa	Chordata	Chordata	Chordata	Craniata	Actinopterygii	Actinopteri	Neopterygii	Teleostei	Euteleosteomorpha	Zeiformes	Zeiformes	Zeiformes	Parazenidae	Parazenidae	Parazenidae	Parazenidae	Parazenidae	Parazeninae	Parazen	Parazen	Parazen	Parazen pacificus	Parazen pacificus	Parazen pacificus	Parazen pacificus	Parazen pacificus	Parazen pacificus	Parazen pacificus	unidentified Parazen pacificus	unidentified Parazen pacificus	unidentified Parazen pacificus	unidentified Parazen pacificus	unidentified Parazen pacificus	unidentified Parazen pacificus
otu_045	Eukaryota	Metazoa	Chordata	Chordata	Chordata	Craniata	Actinopterygii	Actinopteri	Neopterygii	Teleostei	Euteleosteomorpha	Perciformes	Perciformes	Perciformes	Scorpaenoidei	Synanceiidae	Synanceiidae	Synanceiidae	Synanceiidae	Synanceiinae	Synanceia	Synanceia	Synanceia	Synanceia verrucosa	Synanceia verrucosa	Synanceia verrucosa	Synanceia verrucosa	Synanceia verrucosa	Synanceia verrucosa	Synanceia verrucosa	unidentified Synanceia verrucosa	unidentified Synanceia verrucosa	unidentified Synanceia verrucosa	unidentified Synanceia verrucosa	unidentified Synanceia verrucosa	unidentified Synanceia verrucosa
otu_046	Eukaryota	Metazoa	Chordata	Chordata	Chordata	Craniata	Actinopterygii	Actinopteri	Neopterygii	Teleostei	Euteleosteomorpha	Priacanthiformes	Priacanthiformes	Priacanthiformes	Priacanthidae	Priacanthidae	Priacanthidae	Priacanthidae	Priacanthidae	Priacanthus	Priacanthus	Priacanthus	Priacanthus	unidentified Priacanthus	unidentified Priacanthus	unidentified Priacanthus	unidentified Priacanthus	unidentified Priacanthus	unidentified Priacanthus	unidentified Priacanthus	unidentified Priacanthus	unidentified Priacanthus	unidentified Priacanthus	unidentified Priacanthus	unidentified Priacanthus	unidentified Priacanthus
otu_047	Eukaryota	Metazoa	Chordata	Chordata	Chordata	Craniata	Actinopterygii	Actinopteri	Neopterygii	Teleostei	Euteleosteomorpha	Gobiiformes	Gobiiformes	Gobiiformes	Gobioidei	Gobiidae	Gobiidae	Gobiidae	Gobiidae	Gobiinae	Exyrias	Exyrias	Exyrias	Exyrias puntang	Exyrias puntang	Exyrias puntang	Exyrias puntang	Exyrias puntang	Exyrias puntang	Exyrias puntang	unidentified Exyrias puntang	unidentified Exyrias puntang	unidentified Exyrias puntang	unidentified Exyrias puntang	unidentified Exyrias puntang	unidentified Exyrias puntang
otu_048	Eukaryota	Metazoa	Chordata	Chordata	Chordata	Craniata	Actinopterygii	Actinopteri	Neopterygii	Teleostei	Otomorpha	Ostariophysi	Characiphysae	Characiformes	Characoidei	Characidae	Characidae	Characidae	Characidae	Pristellinae	Hemigrammus	Hemigrammus	Hemigrammus	Hemigrammus bleheri	Hemigrammus bleheri	Hemigrammus bleheri	Hemigrammus bleheri	Hemigrammus bleheri	Hemigrammus bleheri	Hemigrammus bleheri	unidentified Hemigrammus bleheri	unidentified Hemigrammus bleheri	unidentified Hemigrammus bleheri	unidentified Hemigrammus bleheri	unidentified Hemigrammus bleheri	unidentified Hemigrammus bleheri
otu_049	Eukaryota	Metazoa	Chordata	Chordata	Chordata	Craniata	Actinopterygii	Actinopteri	Neopterygii	Teleostei	Euteleosteomorpha	Tetraodontiformes	Tetraodontiformes	Tetraodontiformes	Triacanthoidea	Triacanthoidea	Triacanthoidea	Triacanthoidea	Triacanthidae	Triacanthus	Triacanthus	Triacanthus	Triacanthus	Triacanthus biaculeatus	Triacanthus biaculeatus	Triacanthus biaculeatus	Triacanthus biaculeatus	Triacanthus biaculeatus	Triacanthus biaculeatus	Triacanthus biaculeatus	unidentified Triacanthus biaculeatus	unidentified Triacanthus biaculeatus	unidentified Triacanthus biaculeatus	unidentified Triacanthus biaculeatus	unidentified Triacanthus biaculeatus	unidentified Triacanthus biaculeatus
otu_050	Eukaryota	Metazoa	Chordata	Chordata	Chordata	Craniata	Actinopterygii	Actinopteri	Neopterygii	Teleostei	Euteleosteomorpha	Syngnathiformes	Syngnathiformes	Syngnathiformes	Callionymoidei	Callionymidae	Callionymidae	Callionymidae	Callionymidae	unidentified Callionymidae	unidentified Callionymidae	unidentified Callionymidae	unidentified Callionymidae	unidentified Callionymidae	unidentified Callionymidae	unidentified Callionymidae	unidentified Callionymidae	unidentified Callionymidae	unidentified Callionymidae	unidentified Callionymidae	unidentified Callionymidae	unidentified Callionymidae	unidentified Callionymidae	unidentified Callionymidae	unidentified Callionymidae	unidentified Callionymidae
otu_051	Eukaryota	Metazoa	Chordata	Chordata	Chordata	Craniata	Actinopterygii	Actinopteri	Neopterygii	Teleostei	Euteleosteomorpha	Mugiliformes	Mugiliformes	Mugiliformes	Mugilidae	Mugilidae	Mugilidae	Mugilidae	Mugilidae	Agonostomus	Agonostomus	Agonostomus	Agonostomus	Agonostomus monticola	Agonostomus monticola	Agonostomus monticola	Agonostomus monticola	Agonostomus monticola	Agonostomus monticola	Agonostomus monticola	unidentified Agonostomus monticola	unidentified Agonostomus monticola	unidentified Agonostomus monticola	unidentified Agonostomus monticola	unidentified Agonostomus monticola	unidentified Agonostomus monticola
otu_052	Eukaryota	Metazoa	Chordata	Chordata	Chordata	Craniata	Actinopterygii	Actinopteri	Chondrostei	Acipenseriformes	Acipenseriformes	Acipenseriformes	Acipenseriformes	Acipenseriformes	Acipenseroidei	Acipenseridae	Acipenseridae	Acipenseridae	Acipenseridae	Acipenserinae	Acipenserini	Acipenser	Acipenser	unidentified Acipenser	unidentified Acipenser	unidentified Acipenser	unidentified Acipenser	unidentified Acipenser	unidentified Acipenser	unidentified Acipenser	unidentified Acipenser	unidentified Acipenser	unidentified Acipenser	unidentified Acipenser	unidentified Acipenser	unidentified Acipenser
otu_053	Eukaryota	Metazoa	Chordata	Chordata	Chordata	Craniata	Actinopterygii	Actinopteri	Neopterygii	Teleostei	Euteleosteomorpha	unidentified Euteleosteomorpha	unidentified Euteleosteomorpha	unidentified Euteleosteomorpha	unidentified Euteleosteomorpha	unidentified Euteleosteomorpha	unidentified Euteleosteomorpha	unidentified Euteleosteomorpha	unidentified Euteleosteomorpha	unidentified Euteleosteomorpha	unidentified Euteleosteomorpha	unidentified Euteleosteomorpha	unidentified Euteleosteomorpha	unidentified Euteleosteomorpha	unidentified Euteleosteomorpha	unidentified Euteleosteomorpha	unidentified Euteleosteomorpha	unidentified Euteleosteomorpha	unidentified Euteleosteomorpha	unidentified Euteleosteomorpha	unidentified Euteleosteomorpha	unidentified Euteleosteomorpha	unidentified Euteleosteomorpha	unidentified Euteleosteomorpha	unidentified Euteleosteomorpha	unidentified Euteleosteomorpha
otu_054	Eukaryota	Metazoa	Chordata	Chordata	Chordata	Craniata	Actinopterygii	Actinopteri	Neopterygii	Teleostei	Euteleosteomorpha	Aulopiformes	Aulopiformes	Aulopiformes	Aulopoidei	Synodontidae	Synodontidae	Synodontidae	Synodontidae	Harpadontinae	unidentified Harpadontinae	unidentified Harpadontinae	unidentified Harpadontinae	unidentified Harpadontinae	unidentified Harpadontinae	unidentified Harpadontinae	unidentified Harpadontinae	unidentified Harpadontinae	unidentified Harpadontinae	unidentified Harpadontinae	unidentified Harpadontinae	unidentified Harpadontinae	unidentified Harpadontinae	unidentified Harpadontinae	unidentified Harpadontinae	unidentified Harpadontinae
otu_055	Eukaryota	Metazoa	Chordata	Chordata	Chordata	Craniata	Actinopterygii	Actinopteri	Neopterygii	Teleostei	Euteleosteomorpha	Gobiiformes	Gobiiformes	Gobiiformes	Trichonotoidei	Trichonotidae	Trichonotidae	Trichonotidae	Trichonotidae	Trichonotus	Trichonotus	Trichonotus	Trichonotus	Trichonotus elegans	Trichonotus elegans	Trichonotus elegans	Trichonotus elegans	Trichonotus elegans	Trichonotus elegans	Trichonotus elegans	unidentified Trichonotus elegans	unidentified Trichonotus elegans	unidentified Trichonotus elegans	unidentified Trichonotus elegans	unidentified Trichonotus elegans	unidentified Trichonotus elegans
otu_056	Eukaryota	Metazoa	Chordata	Chordata	Chordata	Craniata	Actinopterygii	Actinopteri	Neopterygii	Teleostei	Euteleosteomorpha	Aulopiformes	Aulopiformes	Aulopiformes	Alepisauroidei	Chlorophthalmidae	Chlorophthalmidae	Chlorophthalmidae	Chlorophthalmidae	Chlorophthalmus	Chlorophthalmus	Chlorophthalmus	Chlorophthalmus	unidentified Chlorophthalmus	unidentified Chlorophthalmus	unidentified Chlorophthalmus	unidentified Chlorophthalmus	unidentified Chlorophthalmus	unidentified Chlorophthalmus	unidentified Chlorophthalmus	unidentified Chlorophthalmus	unidentified Chlorophthalmus	unidentified Chlorophthalmus	unidentified Chlorophthalmus	unidentified Chlorophthalmus	unidentified Chlorophthalmus
otu_057	Eukaryota	Metazoa	Chordata	Chordata	Chordata	Craniata	Actinopterygii	Actinopteri	Neopterygii	Teleostei	Euteleosteomorpha	Atherinomorphae	Atherinomorphae	Beloniformes	Adrianichthyoidei	Adrianichthyidae	Adrianichthyidae	Adrianichthyidae	Adrianichthyidae	Oryziinae	Oryzias	Oryzias	Oryzias	Oryzias latipes	Oryzias latipes	Oryzias latipes	Oryzias latipes	Oryzias latipes	Oryzias latipes	Oryzias latipes	unidentified Oryzias latipes	unidentified Oryzias latipes	unidentified Oryzias latipes	unidentified Oryzias latipes	unidentified Oryzias latipes	unidentified Oryzias latipes
otu_058	Eukaryota	Metazoa	Chordata	Chordata	Chordata	Craniata	Actinopterygii	Actinopteri	Neopterygii	Teleostei	Euteleosteomorpha	Synbranchiformes	Synbranchiformes	Synbranchiformes	Synbranchoidei	Synbranchidae	Synbranchidae	Synbranchidae	Synbranchidae	Monopterus	Monopterus	Monopterus	Monopterus	Monopterus albus	Monopterus albus	Monopterus albus	Monopterus albus	Monopterus albus	Monopterus albus	Monopterus albus	unidentified Monopterus albus	unidentified Monopterus albus	unidentified Monopterus albus	unidentified Monopterus albus	unidentified Monopterus albus	unidentified Monopterus albus
otu_059	Eukaryota	Metazoa	Chordata	Chordata	Chordata	Craniata	Sarcopterygii	Coelacanthiformes	Coelacanthiformes	Coelacanthiformes	Coelacanthiformes	Coelacanthiformes	Coelacanthiformes	Coelacanthiformes	Coelacanthidae	Coelacanthidae	Coelacanthidae	Coelacanthidae	Coelacanthidae	Latimeria	Latimeria	Latimeria	Latimeria	Latimeria chalumnae	Latimeria chalumnae	Latimeria chalumnae	Latimeria chalumnae	Latimeria chalumnae	Latimeria chalumnae	Latimeria chalumnae	unidentified Latimeria chalumnae	unidentified Latimeria chalumnae	unidentified Latimeria chalumnae	unidentified Latimeria chalumnae	unidentified Latimeria chalumnae	unidentified Latimeria chalumnae
otu_060	Eukaryota	Metazoa	Chordata	Chordata	Chordata	Craniata	Actinopterygii	Actinopteri	Neopterygii	Teleostei	unidentified Teleostei	unidentified Teleostei	unidentified Teleostei	unidentified Teleostei	unidentified Teleostei	unidentified Teleostei	unidentified Teleostei	unidentified Teleostei	unidentified Teleostei	unidentified Teleostei	unidentified Teleostei	unidentified Teleostei	unidentified Teleostei	unidentified Teleostei	unidentified Teleostei	unidentified Teleostei	unidentified Teleostei	unidentified Teleostei	unidentified Teleostei	unidentified Teleostei	unidentified Teleostei	unidentified Teleostei	unidentified Teleostei	unidentified Teleostei	unidentified Teleostei	unidentified Teleostei
otu_061	Eukaryota	Metazoa	Chordata	Chordata	Chordata	Craniata	Actinopterygii	Actinopteri	Neopterygii	Teleostei	Euteleosteomorpha	Ophidiiformes	Ophidiiformes	Ophidiiformes	Ophidioidei	Carapidae	Carapidae	Carapidae	Carapidae	Carapinae	Carapus	Carapus	Carapus	unidentified Carapus	unidentified Carapus	unidentified Carapus	unidentified Carapus	unidentified Carapus	unidentified Carapus	unidentified Carapus	unidentified Carapus	unidentified Carapus	unidentified Carapus	unidentified Carapus	unidentified Carapus	unidentified Carapus
otu_062	Eukaryota	Metazoa	Chordata	Chordata	Chordata	Craniata	Actinopterygii	Actinopteri	Neopterygii	Teleostei	Otomorpha	Clupei	Clupeiformes	Clupeiformes	Clupeoidei	Clupeidae	Clupeidae	Clupeidae	Clupeidae	Sundasalanx	Sundasalanx	Sundasalanx	Sundasalanx	unidentified Sundasalanx	unidentified Sundasalanx	unidentified Sundasalanx	unidentified Sundasalanx	unidentified Sundasalanx	unidentified Sundasalanx	unidentified Sundasalanx	unidentified Sundasalanx	unidentified Sundasalanx	unidentified Sundasalanx	unidentified Sundasalanx	unidentified Sundasalanx	unidentified Sundasalanx
otu_063	Eukaryota	Metazoa	Chordata	Chordata	Chordata	Craniata	Actinopterygii	Actinopteri	Neopterygii	Teleostei	Euteleosteomorpha	Syngnathiformes	Syngnathiformes	Syngnathiformes	Aulostomidae	Aulostomidae	Aulostomidae	Aulostomidae	Aulostomidae	Aulostomus	Aulostomus	Aulostomus	Aulostomus	Aulostomus chinensis	Aulostomus chinensis	Aulostomus chinensis	Aulostomus chinensis	Aulostomus chinensis	Aulostomus chinensis	Aulostomus chinensis	unidentified Aulostomus chinensis	unidentified Aulostomus chinensis	unidentified Aulostomus chinensis	unidentified Aulostomus chinensis	unidentified Aulostomus chinensis	unidentified Aulostomus chinensis
otu_064	Eukaryota	Metazoa	Chordata	Chordata	Chordata	Craniata	Actinopterygii	Actinopteri	Neopterygii	Teleostei	Otomorpha	Ostariophysi	Characiphysae	Gymnotiformes	Sternopygoidei	Sternopygidae	Sternopygidae	Sternopygidae	Sternopygidae	Eigenmannia	Eigenmannia	Eigenmannia	Eigenmannia	unidentified Eigenmannia	unidentified Eigenmannia	unidentified Eigenmannia	unidentified Eigenmannia	unidentified Eigenmannia	unidentified Eigenmannia	unidentified Eigenmannia	unidentified Eigenmannia	unidentified Eigenmannia	unidentified Eigenmannia	unidentified Eigenmannia	unidentified Eigenmannia	unidentified Eigenmannia
otu_065	Eukaryota	Metazoa	Chordata	Chordata	Chordata	Craniata	Actinopterygii	Actinopteri	Neopterygii	Teleostei	unidentified Teleostei	unidentified Teleostei	unidentified Teleostei	unidentified Teleostei	unidentified Teleostei	unidentified Teleostei	unidentified Teleostei	unidentified Teleostei	unidentified Teleostei	unidentified Teleostei	unidentified Teleostei	unidentified Teleostei	unidentified Teleostei	unidentified Teleostei	unidentified Teleostei	unidentified Teleostei	unidentified Teleostei	unidentified Teleostei	unidentified Teleostei	unidentified Teleostei	unidentified Teleostei	unidentified Teleostei	unidentified Teleostei	unidentified Teleostei	unidentified Teleostei	unidentified Teleostei
otu_066	Eukaryota	Metazoa	Chordata	Chordata	Chordata	Craniata	Actinopterygii	Actinopteri	Neopterygii	Teleostei	Euteleosteomorpha	Stomiiformes	Stomiiformes	Stomiiformes	Gonostomatidae	Gonostomatidae	Gonostomatidae	Gonostomatidae	Gonostomatidae	Sigmops	Sigmops	Sigmops	Sigmops	Sigmops gracilis	Sigmops gracilis	Sigmops gracilis	Sigmops gracilis	Sigmops gracilis	Sigmops gracilis	Sigmops gracilis	unidentified Sigmops gracilis	unidentified Sigmops gracilis	unidentified Sigmops gracilis	unidentified Sigmops gracilis	unidentified Sigmops gracilis	unidentified Sigmops gracilis
otu_067	Eukaryota	Metazoa	Chordata	Chordata	Chordata	Craniata	Actinopterygii	Actinopteri	Neopterygii	Teleostei	Euteleosteomorpha	Galaxiiformes	Galaxiiformes	Galaxiiformes	Galaxiidae	Galaxiidae	Galaxiidae	Galaxiidae	Galaxiidae	Galaxiinae	Galaxiini	Galaxias	Galaxias	unidentified Galaxias	unidentified Galaxias	unidentified Galaxias	unidentified Galaxias	unidentified Galaxias	unidentified Galaxias	unidentified Galaxias	unidentified Galaxias	unidentified Galaxias	unidentified Galaxias	unidentified Galaxias	unidentified Galaxias	unidentified Galaxias
otu_068	Eukaryota	Metazoa	Chordata	Chordata	Chordata	Craniata	Actinopterygii	Actinopteri	Neopterygii	Teleostei	Anguilliformes	Anguilliformes	Anguilliformes	Anguilliformes	Muraenidae	Muraenidae	Muraenidae	Muraenidae	Muraenidae	Uropterygiinae	unidentified Uropterygiinae	unidentified Uropterygiinae	unidentified Uropterygiinae	unidentified Uropterygiinae	unidentified Uropterygiinae	unidentified Uropterygiinae	unidentified Uropterygiinae	unidentified Uropterygiinae	unidentified Uropterygiinae	unidentified Uropterygiinae	unidentified Uropterygiinae	unidentified Uropterygiinae	unidentified Uropterygiinae	unidentified Uropterygiinae	unidentified Uropterygiinae	unidentified Uropterygiinae
otu_069	Eukaryota	Metazoa	Chordata	Chordata	Chordata	Craniata	Actinopterygii	Actinopteri	Neopterygii	Teleostei	Euteleosteomorpha	Lobotiformes	Lobotiformes	Lobotiformes	Lobotidae	Lobotidae	Lobotidae	Lobotidae	Lobotidae	Lobotes	Lobotes	Lobotes	Lobotes	Lobotes surinamensis	Lobotes surinamensis	Lobotes surinamensis	Lobotes surinamensis	Lobotes surinamensis	Lobotes surinamensis	Lobotes surinamensis	unidentified Lobotes surinamensis	unidentified Lobotes surinamensis	unidentified Lobotes surinamensis	unidentified Lobotes surinamensis	unidentified Lobotes surinamensis	unidentified Lobotes surinamensis
otu_070	Eukaryota	Metazoa	Chordata	Chordata	Chordata	Craniata	Actinopterygii	Actinopteri	Neopterygii	Teleostei	Euteleosteomorpha	Pleuronectiformes	Pleuronectiformes	Pleuronectiformes	Pleuronectoidei	Cynoglossidae	Cynoglossidae	Cynoglossidae	Cynoglossidae	Cynoglossinae	Cynoglossus	Cynoglossus	Cynoglossus	unidentified Cynoglossus	unidentified Cynoglossus	unidentified Cynoglossus	unidentified Cynoglossus	unidentified Cynoglossus	unidentified Cynoglossus	unidentified Cynoglossus	unidentified Cynoglossus	unidentified Cynoglossus	unidentified Cynoglossus	unidentified Cynoglossus	unidentified Cynoglossus	unidentified Cynoglossus
otu_071	Eukaryota	Metazoa	Chordata	Chordata	Chordata	Craniata	Actinopterygii	Actinopteri	Neopterygii	Teleostei	Euteleosteomorpha	Gobiiformes	Gobiiformes	Gobiiformes	Eleotroidei	Eleotridae	Eleotridae	Eleotridae	Eleotridae	Eleotrinae	unidentified Eleotrinae	unidentified Eleotrinae	unidentified Eleotrinae	unidentified Eleotrinae	unidentified Eleotrinae	unidentified Eleotrinae	unidentified Eleotrinae	unidentified Eleotrinae	unidentified Eleotrinae	unidentified Eleotrinae	unidentified Eleotrinae	unidentified Eleotrinae	unidentified Eleotrinae	unidentified Eleotrinae	unidentified Eleotrinae	unidentified Eleotrinae
otu_072	Eukaryota	Metazoa	Chordata	Chordata	Chordata	Craniata	Actinopterygii	Actinopteri	Neopterygii	Teleostei	Euteleosteomorpha	Scombriformes	Scombriformes	Scombriformes	Scombridae	Scombridae	Scombridae	Scombridae	Scombridae	Scombrinae	Scombrini	Scomber	Scomber	unidentified Scomber	unidentified Scomber	unidentified Scomber	unidentified Scomber	unidentified Scomber	unidentified Scomber	unidentified Scomber	unidentified Scomber	unidentified Scomber	unidentified Scomber	unidentified Scomber	unidentified Scomber	unidentified Scomber
otu_073	Eukaryota	Metazoa	Chordata	Chordata	Chordata	Craniata	Actinopterygii	Actinopteri	Neopterygii	Teleostei	Euteleosteomorpha	Kurtiformes	Kurtiformes	Kurtiformes	Apogonoidei	Apogonidae	Apogonidae	Apogonidae	Apogonidae	Apogoninae	Pterapogon	Pterapogon	Pterapogon	Pterapogon kauderni	Pterapogon kauderni	Pterapogon kauderni	Pterapogon kauderni	Pterapogon kauderni	Pterapogon kauderni	Pterapogon kauderni	unidentified Pterapogon kauderni	unidentified Pterapogon kauderni	unidentified Pterapogon kauderni	unidentified Pterapogon kauderni	unidentified Pterapogon kauderni	unidentified Pterapogon kauderni
otu_074	Eukaryota	Metazoa	Chordata	Chordata	Chordata	Craniata	Actinopterygii	Actinopteri	Neopterygii	Teleostei	Euteleosteomorpha	Zeiformes	Zeiformes	Zeiformes	Zeidae	Zeidae	Zeidae	Zeidae	Zeidae	Zeus	Zeus	Zeus	Zeus	Zeus faber	Zeus faber	Zeus faber	Zeus faber	Zeus faber	Zeus faber	Zeus faber	unidentified Zeus faber	unidentified Zeus faber	unidentified Zeus faber	unidentified Zeus faber	unidentified Zeus faber	unidentified Zeus faber
otu_075	Eukaryota	Metazoa	Chordata	Chordata	Chordata	Craniata	Actinopterygii	Actinopteri	Neopterygii	Teleostei	Euteleosteomorpha	Pleuronectiformes	Pleuronectiformes	Pleuronectiformes	Pleuronectoidei	Cynoglossidae	Cynoglossidae	Cynoglossidae	Cynoglossidae	Cynoglossinae	Cynoglossus	Cynoglossus	Cynoglossus	Cynoglossus abbreviatus	Cynoglossus abbreviatus	Cynoglossus abbreviatus	Cynoglossus abbreviatus	Cynoglossus abbreviatus	Cynoglossus abbreviatus	Cynoglossus abbreviatus	unidentified Cynoglossus abbreviatus	unidentified Cynoglossus abbreviatus	unidentified Cynoglossus abbreviatus	unidentified Cynoglossus abbreviatus	unidentified Cynoglossus abbreviatus	unidentified Cynoglossus abbreviatus
otu_076	Eukaryota	Metazoa	Chordata	Chordata	Chordata	Craniata	Actinopterygii	Actinopteri	Neopterygii	Teleostei	Euteleosteomorpha	Tetraodontiformes	Tetraodontiformes	Tetraodontiformes	Balistoidea	Balistoidea	Balistoidea	Balistoidea	Monacanthidae	Rudarius	Rudarius	Rudarius	Rudarius	Rudarius ercodes	Rudarius ercodes	Rudarius ercodes	Rudarius ercodes	Rudarius ercodes	Rudarius ercodes	Rudarius ercodes	unidentified Rudarius ercodes	unidentified Rudarius ercodes	unidentified Rudarius ercodes	unidentified Rudarius ercodes	unidentified Rudarius ercodes	unidentified Rudarius ercodes
otu_077	Eukaryota	Metazoa	Chordata	Chordata	Chordata	Craniata	Actinopterygii	Actinopteri	Neopterygii	Teleostei	Otomorpha	Ostariophysi	Cypriniphysae	Cypriniformes	Cyprinoidei	Xenocyprididae	Xenocyprididae	Xenocyprididae	Xenocyprididae	Xenocypridinae	unidentified Xenocypridinae	unidentified Xenocypridinae	unidentified Xenocypridinae	unidentified Xenocypridinae	unidentified Xenocypridinae	unidentified Xenocypridinae	unidentified Xenocypridinae	unidentified Xenocypridinae	unidentified Xenocypridinae	unidentified Xenocypridinae	unidentified Xenocypridinae	unidentified Xenocypridinae	unidentified Xenocypridinae	unidentified Xenocypridinae	unidentified Xenocypridinae	unidentified Xenocypridinae
otu_078	Eukaryota	Metazoa	Chordata	Chordata	Chordata	Craniata	Actinopterygii	Actinopteri	Neopterygii	Teleostei	Otomorpha	Ostariophysi	Cypriniphysae	Cypriniformes	Cyprinoidei	Danionidae	Danionidae	Danionidae	Danionidae	Chedrinae	Luciosoma	Luciosoma	Luciosoma	unidentified Luciosoma	unidentified Luciosoma	unidentified Luciosoma	unidentified Luciosoma	unidentified Luciosoma	unidentified Luciosoma	unidentified Luciosoma	unidentified Luciosoma	unidentified Luciosoma	unidentified Luciosoma	unidentified Luciosoma	unidentified Luciosoma	unidentified Luciosoma
otu_079	Eukaryota	Metazoa	Chordata	Chordata	Chordata	Craniata	Actinopterygii	Actinopteri	Neopterygii	Teleostei	Euteleosteomorpha	Atherinomorphae	Atherinomorphae	Cyprinodontiformes	Aplocheiloidei	Nothobranchiidae	Nothobranchiidae	Nothobranchiidae	Nothobranchiidae	Epiplatys	Epiplatys	Epiplatys	Epiplatys	unidentified Epiplatys	unidentified Epiplatys	unidentified Epiplatys	unidentified Epiplatys	unidentified Epiplatys	unidentified Epiplatys	unidentified Epiplatys	unidentified Epiplatys	unidentified Epiplatys	unidentified Epiplatys	unidentified Epiplatys	unidentified Epiplatys	unidentified Epiplatys
otu_080	Eukaryota	Metazoa	Chordata	Chordata	Chordata	Craniata	Actinopterygii	Actinopteri	Neopterygii	Teleostei	Anguilliformes	Anguilliformes	Anguilliformes	Anguilliformes	Cyematidae	Cyematidae	Cyematidae	Cyematidae	Cyematidae	Cyema	Cyema	Cyema	Cyema	Cyema atrum	Cyema atrum	Cyema atrum	Cyema atrum	Cyema atrum	Cyema atrum	Cyema atrum	unidentified Cyema atrum	unidentified Cyema atrum	unidentified Cyema atrum	unidentified Cyema atrum	unidentified Cyema atrum	unidentified Cyema atrum
otu_081	Eukaryota	Metazoa	Chordata	Chordata	Chordata	Craniata	Actinopterygii	Actinopteri	Neopterygii	Teleostei	Euteleosteomorpha	Pleuronectiformes	Pleuronectiformes	Pleuronectiformes	Pleuronectoidei	Bothidae	Bothidae	Bothidae	Bothidae	Bothus	Bothus	Bothus	Bothus	Bothus myriaster	Bothus myriaster	Bothus myriaster	Bothus myriaster	Bothus myriaster	Bothus myriaster	Bothus myriaster	unidentified Bothus myriaster	unidentified Bothus myriaster	unidentified Bothus myriaster	unidentified Bothus myriaster	unidentified Bothus myriaster	unidentified Bothus myriaster
otu_082	Eukaryota	Metazoa	Chordata	Chordata	Chordata	Craniata	Actinopterygii	Actinopteri	Neopterygii	Teleostei	Euteleosteomorpha	Beryciformes	Beryciformes	Beryciformes	Melamphaidae	Melamphaidae	Melamphaidae	Melamphaidae	Melamphaidae	Poromitra	Poromitra	Poromitra	Poromitra	Poromitra oscitans	Poromitra oscitans	Poromitra oscitans	Poromitra oscitans	Poromitra oscitans	Poromitra oscitans	Poromitra oscitans	unidentified Poromitra oscitans	unidentified Poromitra oscitans	unidentified Poromitra oscitans	unidentified Poromitra oscitans	unidentified Poromitra oscitans	unidentified Poromitra oscitans
otu_083	Eukaryota	Metazoa	Chordata	Chordata	Chordata	Craniata	Actinopterygii	Actinopteri	Neopterygii	Teleostei	Albuliformes	Albuliformes	Albuliformes	Albuliformes	Albulidae	Albulidae	Albulidae	Albulidae	Albulidae	Albulinae	Albula	Albula	Albula	unidentified Albula	unidentified Albula	unidentified Albula	unidentified Albula	unidentified Albula	unidentified Albula	unidentified Albula	unidentified Albula	unidentified Albula	unidentified Albula	unidentified Albula	unidentified Albula	unidentified Albula
otu_084	Eukaryota	Metazoa	Chordata	Chordata	Chordata	Craniata	Actinopterygii	Actinopteri	Neopterygii	Teleostei	Otomorpha	Ostariophysi	Cypriniphysae	Cypriniformes	Cyprinoidei	Danionidae	Danionidae	Danionidae	Danionidae	Esominae	Esomus	Esomus	Esomus	Esomus metallicus	Esomus metallicus	Esomus metallicus	Esomus metallicus	Esomus metallicus	Esomus metallicus	Esomus metallicus	unidentified Esomus metallicus	unidentified Esomus metallicus	unidentified Esomus metallicus	unidentified Esomus metallicus	unidentified Esomus metallicus	unidentified Esomus metallicus
otu_085	Eukaryota	Metazoa	Chordata	Chordata	Chordata	Craniata	Actinopterygii	Actinopteri	Neopterygii	Teleostei	Euteleosteomorpha	Gadiformes	Gadiformes	Gadiformes	Macrouroidei	Macrouridae	Macrouridae	Macrouridae	Macrouridae	Macrouroidinae	Squalogadus	Squalogadus	Squalogadus	Squalogadus modificatus	Squalogadus modificatus	Squalogadus modificatus	Squalogadus modificatus	Squalogadus modificatus	Squalogadus modificatus	Squalogadus modificatus	unidentified Squalogadus modificatus	unidentified Squalogadus modificatus	unidentified Squalogadus modificatus	unidentified Squalogadus modificatus	unidentified Squalogadus modificatus	unidentified Squalogadus modificatus
otu_086	Eukaryota	Metazoa	Chordata	Chordata	Chordata	Craniata	Actinopterygii	Actinopteri	Neopterygii	Teleostei	Anguilliformes	Anguilliformes	Anguilliformes	Anguilliformes	Muraenidae	Muraenidae	Muraenidae	Muraenidae	Muraenidae	Muraeninae	Gymnothorax	Gymnothorax	Gymnothorax	Gymnothorax kidako	Gymnothorax kidako	Gymnothorax kidako	Gymnothorax kidako	Gymnothorax kidako	Gymnothorax kidako	Gymnothorax kidako	unidentified Gymnothorax kidako	unidentified Gymnothorax kidako	unidentified Gymnothorax kidako	unidentified Gymnothorax kidako	unidentified Gymnothorax kidako	unidentified Gymnothorax kidako
otu_087	Eukaryota	Metazoa	Chordata	Chordata	Chordata	Craniata	Actinopterygii	Actinopteri	Neopterygii	Teleostei	Otomorpha	Clupei	Clupeiformes	Clupeiformes	Clupeoidei	Clupeidae	Clupeidae	Clupeidae	Clupeidae	Clupeinae	Escualosa	Escualosa	Escualosa	Escualosa thoracata	Escualosa thoracata	Escualosa thoracata	Escualosa thoracata	Escualosa thoracata	Escualosa thoracata	Escualosa thoracata	unidentified Escualosa thoracata	unidentified Escualosa thoracata	unidentified Escualosa thoracata	unidentified Escualosa thoracata	unidentified Escualosa thoracata	unidentified Escualosa thoracata
otu_088	Eukaryota	Metazoa	Chordata	Chordata	Chordata	Craniata	Actinopterygii	Actinopteri	Neopterygii	Teleostei	Euteleosteomorpha	Gadiformes	Gadiformes	Gadiformes	Gadoidei	Bregmacerotidae	Bregmacerotidae	Bregmacerotidae	Bregmacerotidae	Bregmaceros	Bregmaceros	Bregmaceros	Bregmaceros	unidentified Bregmaceros	unidentified Bregmaceros	unidentified Bregmaceros	unidentified Bregmaceros	unidentified Bregmaceros	unidentified Bregmaceros	unidentified Bregmaceros	unidentified Bregmaceros	unidentified Bregmaceros	unidentified Bregmaceros	unidentified Bregmaceros	unidentified Bregmaceros	unidentified Bregmaceros
otu_089	Eukaryota	Metazoa	Chordata	Chordata	Chordata	Craniata	Actinopterygii	Actinopteri	Neopterygii	Teleostei	Euteleosteomorpha	Osmeriformes	Osmeriformes	Osmeriformes	Retropinnidae	Retropinnidae	Retropinnidae	Retropinnidae	Retropinnidae	Retropinna	Retropinna	Retropinna	Retropinna	unidentified Retropinna	unidentified Retropinna	unidentified Retropinna	unidentified Retropinna	unidentified Retropinna	unidentified Retropinna	unidentified Retropinna	unidentified Retropinna	unidentified Retropinna	unidentified Retropinna	unidentified Retropinna	unidentified Retropinna	unidentified Retropinna
otu_090	Eukaryota	Metazoa	Chordata	Chordata	Chordata	Craniata	Actinopterygii	Actinopteri	Neopterygii	Teleostei	Euteleosteomorpha	Tetraodontiformes	Tetraodontiformes	Tetraodontiformes	Tetraodontoidei	Tetradontoidea	Tetradontoidea	Tetradontoidea	Tetraodontidae	unidentified Tetraodontidae	unidentified Tetraodontidae	unidentified Tetraodontidae	unidentified Tetraodontidae	unidentified Tetraodontidae	unidentified Tetraodontidae	unidentified Tetraodontidae	unidentified Tetraodontidae	unidentified Tetraodontidae	unidentified Tetraodontidae	unidentified Tetraodontidae	unidentified Tetraodontidae	unidentified Tetraodontidae	unidentified Tetraodontidae	unidentified Tetraodontidae	unidentified Tetraodontidae	unidentified Tetraodontidae
otu_091	Eukaryota	Metazoa	Chordata	Chordata	Chordata	Craniata	Actinopterygii	Actinopteri	Neopterygii	Teleostei	Euteleosteomorpha	Atherinomorphae	Atherinomorphae	Cyprinodontiformes	Aplocheiloidei	Nothobranchiidae	Nothobranchiidae	Nothobranchiidae	Nothobranchiidae	Nothobranchius	Nothobranchius	Nothobranchius	Nothobranchius	unidentified Nothobranchius	unidentified Nothobranchius	unidentified Nothobranchius	unidentified Nothobranchius	unidentified Nothobranchius	unidentified Nothobranchius	unidentified Nothobranchius	unidentified Nothobranchius	unidentified Nothobranchius	unidentified Nothobranchius	unidentified Nothobranchius	unidentified Nothobranchius	unidentified Nothobranchius
otu_092	Eukaryota	Metazoa	Chordata	Chordata	Chordata	Craniata	Actinopterygii	Actinopteri	Neopterygii	Teleostei	Otomorpha	Ostariophysi	Cypriniphysae	Cypriniformes	Cyprinoidei	Danionidae	Danionidae	Danionidae	Danionidae	Rasborinae	Rasbora	Rasbora	Rasbora	Rasbora daniconius	Rasbora daniconius	Rasbora daniconius	Rasbora daniconius	Rasbora daniconius	Rasbora daniconius	Rasbora daniconius	unidentified Rasbora daniconius	unidentified Rasbora daniconius	unidentified Rasbora daniconius	unidentified Rasbora daniconius	unidentified Rasbora daniconius	unidentified Rasbora daniconius
otu_093	Eukaryota	Metazoa	Chordata	Chordata	Chordata	Craniata	Actinopterygii	Actinopteri	Neopterygii	Teleostei	Euteleosteomorpha	Centrarchiformes	Centrarchiformes	Centrarchiformes	Cirrhitioidei	Cirrhitioidei	Cirrhitioidei	Cirrhitioidei	Cirrhitidae	Paracirrhites	Paracirrhites	Paracirrhites	Paracirrhites	Paracirrhites arcatus	Paracirrhites arcatus	Paracirrhites arcatus	Paracirrhites arcatus	Paracirrhites arcatus	Paracirrhites arcatus	Paracirrhites arcatus	unidentified Paracirrhites arcatus	unidentified Paracirrhites arcatus	unidentified Paracirrhites arcatus	unidentified Paracirrhites arcatus	unidentified Paracirrhites arcatus	unidentified Paracirrhites arcatus
otu_094	Eukaryota	Metazoa	Chordata	Chordata	Chordata	Craniata	Actinopterygii	Actinopteri	Neopterygii	Teleostei	Euteleosteomorpha	Syngnathiformes	Syngnathiformes	Syngnathiformes	Dactylopteroidei	Dactylopteridae	Dactylopteridae	Dactylopteridae	Dactylopteridae	Dactyloptena	Dactyloptena	Dactyloptena	Dactyloptena	unidentified Dactyloptena	unidentified Dactyloptena	unidentified Dactyloptena	unidentified Dactyloptena	unidentified Dactyloptena	unidentified Dactyloptena	unidentified Dactyloptena	unidentified Dactyloptena	unidentified Dactyloptena	unidentified Dactyloptena	unidentified Dactyloptena	unidentified Dactyloptena	unidentified Dactyloptena
otu_095	Eukaryota	Metazoa	Chordata	Chordata	Chordata	Craniata	Sarcopterygii	Dipnomorpha	Dipnomorpha	Ceratodontae	Ceratodontae	Ceratodontae	Ceratodontae	Ceratodontiformes	Lepidosirenoidei	Protopteridae	Protopteridae	Protopteridae	Protopteridae	Protopterus	Protopterus	Protopterus	Protopterus	unidentified Protopterus	unidentified Protopterus	unidentified Protopterus	unidentified Protopterus	unidentified Protopterus	unidentified Protopterus	unidentified Protopterus	unidentified Protopterus	unidentified Protopterus	unidentified Protopterus	unidentified Protopterus	unidentified Protopterus	unidentified Protopterus
otu_096	Eukaryota	Metazoa	Chordata	Chordata	Chordata	Craniata	Actinopterygii	Actinopteri	Neopterygii	Teleostei	Euteleosteomorpha	Pleuronectiformes	Pleuronectiformes	Pleuronectiformes	Pleuronectoidei	Achiridae	Achiridae	Achiridae	Achiridae	Trinectes	Trinectes	Trinectes	Trinectes	Trinectes maculatus	Trinectes maculatus	Trinectes maculatus	Trinectes maculatus	Trinectes maculatus	Trinectes maculatus	Trinectes maculatus	unidentified Trinectes maculatus	unidentified Trinectes maculatus	unidentified Trinectes maculatus	unidentified Trinectes maculatus	unidentified Trinectes maculatus	unidentified Trinectes maculatus
otu_097	Eukaryota	Metazoa	Chordata	Chordata	Chordata	Craniata	Actinopterygii	Actinopteri	Neopterygii	Teleostei	Euteleosteomorpha	Pleuronectiformes	Pleuronectiformes	Pleuronectiformes	Pleuronectoidei	Bothidae	Bothidae	Bothidae	Bothidae	Asterorhombus	Asterorhombus	Asterorhombus	Asterorhombus	unidentified Asterorhombus	unidentified Asterorhombus	unidentified Asterorhombus	unidentified Asterorhombus	unidentified Asterorhombus	unidentified Asterorhombus	unidentified Asterorhombus	unidentified Asterorhombus	unidentified Asterorhombus	unidentified Asterorhombus	unidentified Asterorhombus	unidentified Asterorhombus	unidentified Asterorhombus
otu_098	Eukaryota	Metazoa	Chordata	Chordata	Chordata	Craniata	Actinopterygii	Actinopteri	Neopterygii	Teleostei	Euteleosteomorpha	Anabantiformes	Anabantiformes	Anabantiformes	Anabantoidei	Osphronemidae	Osphronemidae	Osphronemidae	Osphronemidae	Macropodinae	Macropodus	Macropodus	Macropodus	unidentified Macropodus	unidentified Macropodus	unidentified Macropodus	unidentified Macropodus	unidentified Macropodus	unidentified Macropodus	unidentified Macropodus	unidentified Macropodus	unidentified Macropodus	unidentified Macropodus	unidentified Macropodus	unidentified Macropodus	unidentified Macropodus
otu_099	Eukaryota	Metazoa	Chordata	Chordata	Chordata	Craniata	Actinopterygii	Actinopteri	Neopterygii	Teleostei	Euteleosteomorpha	Gobiiformes	Gobiiformes	Gobiiformes	Gobioidei	Kraemeriidae	Kraemeriidae	Kraemeriidae	Kraemeriidae	Kraemeria	Kraemeria	Kraemeria	Kraemeria	Kraemeria cunicularia	Kraemeria cunicularia	Kraemeria cunicularia	Kraemeria cunicularia	Kraemeria cunicularia	Kraemeria cunicularia	Kraemeria cunicularia	unidentified Kraemeria cunicularia	unidentified Kraemeria cunicularia	unidentified Kraemeria cunicularia	unidentified Kraemeria cunicularia	unidentified Kraemeria cunicularia	unidentified Kraemeria cunicularia
otu_100	Eukaryota	Metazoa	Chordata	Chordata	Chordata	Craniata	Actinopterygii	Actinopteri	Neopterygii	Teleostei	Euteleosteomorpha	Esociformes	Esociformes	Esociformes	unidentified Esociformes	unidentified Esociformes	unidentified Esociformes	unidentified Esociformes	unidentified Esociformes	unidentified Esociformes	unidentified Esociformes	unidentified Esociformes	unidentified Esociformes	unidentified Esociformes	unidentified Esociformes	unidentified Esociformes	unidentified Esociformes	unidentified Esociformes	unidentified Esociformes	unidentified Esociformes	unidentified Esociformes	unidentified Esociformes	unidentified Esociformes	unidentified Esociformes	unidentified Esociformes	unidentified Esociformes
otu_101	Eukaryota	Metazoa	Chordata	Chordata	Chordata	Craniata	Actinopterygii	Actinopteri	Neopterygii	Teleostei	Euteleosteomorpha	Syngnathiformes	Syngnathiformes	Syngnathiformes	Syngnathoidei	Solenostomidae	Solenostomidae	Solenostomidae	Solenostomidae	Solenostomus	Solenostomus	Solenostomus	Solenostomus	Solenostomus cyanopterus	Solenostomus cyanopterus	Solenostomus cyanopterus	Solenostomus cyanopterus	Solenostomus cyanopterus	Solenostomus cyanopterus	Solenostomus cyanopterus	unidentified Solenostomus cyanopterus	unidentified Solenostomus cyanopterus	unidentified Solenostomus cyanopterus	unidentified Solenostomus cyanopterus	unidentified Solenostomus cyanopterus	unidentified Solenostomus cyanopterus
otu_102	Eukaryota	Metazoa	Chordata	Chordata	Chordata	Craniata	Actinopterygii	Actinopteri	Neopterygii	Teleostei	Otomorpha	Clupei	Clupeiformes	Clupeiformes	Clupeoidei	Clupeidae	Clupeidae	Clupeidae	Clupeidae	unidentified Clupeidae	unidentified Clupeidae	unidentified Clupeidae	unidentified Clupeidae	unidentified Clupeidae	unidentified Clupeidae	unidentified Clupeidae	unidentified Clupeidae	unidentified Clupeidae	unidentified Clupeidae	unidentified Clupeidae	unidentified Clupeidae	unidentified Clupeidae	unidentified Clupeidae	unidentified Clupeidae	unidentified Clupeidae	unidentified Clupeidae
otu_103	Eukaryota	Metazoa	Chordata	Chordata	Chordata	Craniata	Actinopterygii	Actinopteri	Neopterygii	Teleostei	Euteleosteomorpha	Lophiiformes	Lophiiformes	Lophiiformes	Ceratioidei	Melanocetidae	Melanocetidae	Melanocetidae	Melanocetidae	Melanocetus	Melanocetus	Melanocetus	Melanocetus	unidentified Melanocetus	unidentified Melanocetus	unidentified Melanocetus	unidentified Melanocetus	unidentified Melanocetus	unidentified Melanocetus	unidentified Melanocetus	unidentified Melanocetus	unidentified Melanocetus	unidentified Melanocetus	unidentified Melanocetus	unidentified Melanocetus	unidentified Melanocetus
otu_104	Eukaryota	Metazoa	Chordata	Chordata	Chordata	Craniata	Sarcopterygii	Dipnomorpha	Dipnomorpha	Ceratodontae	Ceratodontae	Ceratodontae	Ceratodontae	Ceratodontiformes	Ceratodontoidei	Ceratodontidae	Ceratodontidae	Ceratodontidae	Ceratodontidae	Neoceratodus	Neoceratodus	Neoceratodus	Neoceratodus	Neoceratodus forsteri	Neoceratodus forsteri	Neoceratodus forsteri	Neoceratodus forsteri	Neoceratodus forsteri	Neoceratodus forsteri	Neoceratodus forsteri	unidentified Neoceratodus forsteri	unidentified Neoceratodus forsteri	unidentified Neoceratodus forsteri	unidentified Neoceratodus forsteri	unidentified Neoceratodus forsteri	unidentified Neoceratodus forsteri
otu_105	Eukaryota	Metazoa	Chordata	Chordata	Chordata	Craniata	Actinopterygii	Actinopteri	Neopterygii	Teleostei	Otomorpha	Ostariophysi	Gonorynchiformes	Gonorynchiformes	Gonorynchoidei	Gonorynchidae	Gonorynchidae	Gonorynchidae	Gonorynchidae	Gonorynchus	Gonorynchus	Gonorynchus	Gonorynchus	Gonorynchus abbreviatus	Gonorynchus abbreviatus	Gonorynchus abbreviatus	Gonorynchus abbreviatus	Gonorynchus abbreviatus	Gonorynchus abbreviatus	Gonorynchus abbreviatus	unidentified Gonorynchus abbreviatus	unidentified Gonorynchus abbreviatus	unidentified Gonorynchus abbreviatus	unidentified Gonorynchus abbreviatus	unidentified Gonorynchus abbreviatus	unidentified Gonorynchus abbreviatus
otu_106	Eukaryota	Metazoa	Chordata	Chordata	Chordata	Craniata	Actinopterygii	Actinopteri	Neopterygii	Teleostei	Euteleosteomorpha	Gadiformes	Gadiformes	Gadiformes	Macrouroidei	Macrouridae	Macrouridae	Macrouridae	Macrouridae	Macrourinae	unidentified Macrourinae	unidentified Macrourinae	unidentified Macrourinae	unidentified Macrourinae	unidentified Macrourinae	unidentified Macrourinae	unidentified Macrourinae	unidentified Macrourinae	unidentified Macrourinae	unidentified Macrourinae	unidentified Macrourinae	unidentified Macrourinae	unidentified Macrourinae	unidentified Macrourinae	unidentified Macrourinae	unidentified Macrourinae
otu_107	Eukaryota	Metazoa	Chordata	Chordata	Chordata	Craniata	Actinopterygii	Actinopteri	Neopterygii	Teleostei	Euteleosteomorpha	Perciformes	Perciformes	Perciformes	Serranoidei	Serranidae	Serranidae	Serranidae	Serranidae	Anthiinae	Pseudanthias	Pseudanthias	Pseudanthias	unidentified Pseudanthias	unidentified Pseudanthias	unidentified Pseudanthias	unidentified Pseudanthias	unidentified Pseudanthias	unidentified Pseudanthias	unidentified Pseudanthias	unidentified Pseudanthias	unidentified Pseudanthias	unidentified Pseudanthias	unidentified Pseudanthias	unidentified Pseudanthias	unidentified Pseudanthias
otu_108	Eukaryota	Metazoa	Chordata	Chordata	Chordata	Craniata	Actinopterygii	Actinopteri	Neopterygii	Teleostei	Anguilliformes	Anguilliformes	Anguilliformes	Anguilliformes	unidentified Anguilliformes	unidentified Anguilliformes	unidentified Anguilliformes	unidentified Anguilliformes	unidentified Anguilliformes	unidentified Anguilliformes	unidentified Anguilliformes	unidentified Anguilliformes	unidentified Anguilliformes	unidentified Anguilliformes	unidentified Anguilliformes	unidentified Anguilliformes	unidentified Anguilliformes	unidentified Anguilliformes	unidentified Anguilliformes	unidentified Anguilliformes	unidentified Anguilliformes	unidentified Anguilliformes	unidentified Anguilliformes	unidentified Anguilliformes	unidentified Anguilliformes	unidentified Anguilliformes
otu_109	Eukaryota	Metazoa	Chordata	Chordata	Chordata	Craniata	Actinopterygii	Actinopteri	Neopterygii	Teleostei	Euteleosteomorpha	Tetraodontiformes	Tetraodontiformes	Tetraodontiformes	Tetraodontoidei	Tetradontoidea	Tetradontoidea	Tetradontoidea	Tetraodontidae	Tylerius	Tylerius	Tylerius	Tylerius	Tylerius spinosissimus	Tylerius spinosissimus	Tylerius spinosissimus	Tylerius spinosissimus	Tylerius spinosissimus	Tylerius spinosissimus	Tylerius spinosissimus	unidentified Tylerius spinosissimus	unidentified Tylerius spinosissimus	unidentified Tylerius spinosissimus	unidentified Tylerius spinosissimus	unidentified Tylerius spinosissimus	unidentified Tylerius spinosissimus
otu_110	Eukaryota	Metazoa	Chordata	Chordata	Chordata	Craniata	Actinopterygii	Actinopteri	Neopterygii	Teleostei	Euteleosteomorpha	Syngnathiformes	Syngnathiformes	Syngnathiformes	Callionymoidei	Draconettidae	Draconettidae	Draconettidae	Draconettidae	unidentified Draconettidae	unidentified Draconettidae	unidentified Draconettidae	unidentified Draconettidae	unidentified Draconettidae	unidentified Draconettidae	unidentified Draconettidae	unidentified Draconettidae	unidentified Draconettidae	unidentified Draconettidae	unidentified Draconettidae	unidentified Draconettidae	unidentified Draconettidae	unidentified Draconettidae	unidentified Draconettidae	unidentified Draconettidae	unidentified Draconettidae
otu_111	Eukaryota	Metazoa	Chordata	Chordata	Chordata	Craniata	Actinopterygii	Actinopteri	Neopterygii	Teleostei	Euteleosteomorpha	Moronidae	Moronidae	Moronidae	Moronidae	Moronidae	Moronidae	Moronidae	Moronidae	Morone	Morone	Morone	Morone	Morone americana	Morone americana	Morone americana	Morone americana	Morone americana	Morone americana	Morone americana	unidentified Morone americana	unidentified Morone americana	unidentified Morone americana	unidentified Morone americana	unidentified Morone americana	unidentified Morone americana
